,流水號,國字,審定音,詞例,限讀說明,通假說明,備注
0,*0001,一,｜,,,,
1,0002,丁,ㄉ｜ㄥ,,,,
2,*0003,七,ㄑ｜,,,,
3,0004,三,ㄙㄢ,,,,
4,0005,万,1.ㄨㄢˋ\n2.ㄇㄛˋ,1.「萬」的異\n體字\n2.万俟（複\n姓）,,,
5,0006,上,1.ㄕㄤˋ\n2.ㄕㄤˇ,1.上下、上樓\n2.上聲,,,
6,0007,不,1.ㄅㄨˋ\n2.ㄈㄨ\n3.ㄈㄡ\n(限讀),1.不倒翁、不\n妨\n2.「棠棣之\n華，鄂不韡\n韡。」（詩\n經‧小雅‧\n常棣）,3.限於「不\n準」(人名。\n晉朝人）一\n詞音ㄈㄡ。,通「否」時，\n音ㄈㄡˇ。,ㄅㄨ僅用於\n「不不鐙兒」\n一詞，罕用，\n刪之。
7,0008,丐,ㄍㄞˋ,,,,
8,0009,且,1.ㄑ｜ㄝˇ\n2.ㄐㄩ,1.暫且、苟\n且、並且\n2.「籩豆有\n且。」（詩\n經‧大雅‧\n韓弈）,,,
9,*0010,丘,ㄑ｜ㄡ,,,,
10,0011,丞,ㄔㄥˊ,,,,
11,0012,並,ㄅ｜ㄥˋ,,,,
12,0013,中,1.ㄓㄨㄥ\n2.ㄓㄨㄥˋ,1.中央、中\n國、中學、\n中立\n2.中的、中\n毒、中意,,,
13,0014,丱,ㄍㄨㄢˋ,,,,
0,0015,串,ㄔㄨㄢˋ,一串念珠、串\n通、客串,,,
1,*0016,主,ㄓㄨˇ,,,,
2,0017,乂,1.｜ˋ\n2.ㄞˋ,1.乂安、「俊\n乂在官。」\n（書經‧皋\n陶謨）\n2.「悲余性之\n不可改兮，\n屢懲乂而不\n迻。」（楚\n辭‧劉向‧\n九歎‧遠遊）,,,
3,*0018,么,｜ㄠ,,,,
4,0019,乎,ㄏㄨ,,,,
5,0020,乘,1.ㄔㄥˊ\n2.ㄕㄥˋ,1.乘法、乘車\n2.萬乘之\n國、大乘,,,
6,0021,乜,1.ㄇ｜ㄝ\n2.ㄋ｜ㄝˋ,1.乜斜\n2.姓（如明代\n蒙古瓦剌部\n酋長乜先）,,,
7,0022,九,ㄐ｜ㄡˇ,九牛二虎、九\n九重陽,,通「糾」時，\n音ㄐ｜ㄡ。,
8,0023,乞,ㄑ｜ˇ,,,,
9,0024,乾,1.ㄑ｜ㄢˊ\n2.ㄍㄢ,1.乾卦、乾\n坤、乾乾\n2.餅乾、乾\n杯、乾淨、\n乾脆,,,
10,0025,亂,ㄌㄨㄢˋ,,,,
0,0026,了,1.ㄌ｜ㄠˇ\n2.‧ㄌㄜ,1.了結、了\n解、了不\n起、受不了\n2.「做完\n了！」、「這\n就難怪\n了！」,,,
1,0027,予,ㄩˇ,給予、准予,,通「余」時，\n音ㄩˊ。,
2,0028,事,ㄕˋ,做事、事情,,通「剚」時，\n音ㄗˋ。,
3,0029,于,ㄩˊ,青出于藍、之\n子于歸,,通「吁」時，\n音ㄒㄩ。,
4,0030,亙,ㄍㄣˋ,,,,
5,0031,些,1.ㄒ｜ㄝ\n2.ㄙㄨㄛˋ\n3.ㄙㄨㄛ\n(限讀),1.那些、些微\n2.「魂兮歸\n來，反故居\n些。」（楚\n辭‧宋玉‧\n招魂）,3.限於「麼\n些」（民族\n名）一詞音\nㄙㄨㄛ。,,
6,0032,亞,｜ㄚˋ,,,,
7,0033,亟,1.ㄐ｜ˊ\n2.ㄑ｜ˋ,1.需款孔亟\n2.亟求、往來\n頻亟,,,
8,0034,亡,ㄨㄤˊ,逃亡、亡故,,通「無」時，\n音ㄨˊ。,
9,0035,亢,1.ㄎㄤˋ\n2.ㄍㄤ,1.亢旱、不卑\n不亢、高\n亢、「亢龍\n有悔。」（易\n經‧乾卦）\n2.「乃仰絕亢\n而死。」（漢\n書‧陳餘傳）,,,
0,0036,亨,ㄏㄥ,大亨、亨通,,通「烹」時，\n音ㄆㄥ。,
1,0037,京,ㄐ｜ㄥ,,,,
2,0038,亮,ㄌ｜ㄤˋ,,,,
3,0039,亹,1.ㄨㄟˇ\n2.ㄇㄣˊ\n(限讀),1.亹亹,2.限於「亹源\n縣」（屬青\n海省）一詞\n音ㄇㄣˊ。,,
4,0040,什,1.ㄕˊ\n2.ㄕㄣˊ\n(限讀),1.什長、什佰,2.限於「什\n麼」一詞音\nㄕㄣˊ。,,ㄕㄣˊ與\nㄕㄜˊ皆與\n「麼」連讀，\n取ㄕㄣˊ限\n讀。
5,0041,仂,ㄌㄜˋ,,,,
6,0042,仇,1.ㄔㄡˊ\n2.ㄑ｜ㄡˊ,1.仇視、仇敵\n2.姓（如明代\n有仇英）,,,
7,0043,仆,ㄆㄨ,,,,
8,0044,介,ㄐ｜ㄝˋ,,,,
9,0045,仔,ㄗˇ,,,,
10,0046,他,ㄊㄚ,,,,
11,0047,仡,1.｜ˋ\n2.ㄍㄜ\n(限讀),1.仡然,2.限於「仡\n僚」（民族\n名）一詞音\nㄍㄜ。,,
12,0048,令,ㄌ｜ㄥˋ,,,,
13,0049,休,ㄒ｜ㄡ,休息、休兵、\n休戚相關、休\n屠（古地名）,,通「咻」時，\n音ㄒㄩˇ。,
14,0050,伐,ㄈㄚ,,,,
15,0051,仵,ㄨˇ,,,,
16,0052,件,ㄐ｜ㄢˋ,,,,
0,0053,任,1.ㄖㄣˋ\n2.ㄖㄣˊ,1.責任、任用\n2.姓（如南朝\n梁有任昉）,,,
1,0054,份,ㄈㄣˋ,,,,
2,0055,佗,ㄊㄨㄛˊ,佗負、「舍彼\n有罪，予之佗\n矣。」（詩\n經‧小雅‧小\n弁）,,通「它」時，\n音ㄊㄨㄛ。,
3,0056,伺,1.ㄙˋ\n2.ㄘˋ,1.窺伺\n2.伺候,,,
4,0057,佛,1.ㄈㄛˊ\n2.ㄅ｜ˋ,1.佛教\n2.姓（如春秋\n時魯國有佛\n肸）,,通「彿」時，\n音ㄈㄨˊ。,
5,0058,伽,1.ㄑ｜ㄝˊ\n2.ㄐ｜ㄚ,1.伽利略(人\n名)\n2.「伽瑪射\n線」、「瑜\n珈」,,,
6,0059,何,ㄏㄜˊ,何人、如何、\n為何、姓（如\n三國時魏國\n有何晏）,,通「負荷」之\n「荷」時，音\nㄏㄜˋ。,
7,0060,佉,ㄑㄩ,,,,
8,0061,估,1.ㄍㄨ\n2.ㄍㄨˋ,1.估價、估\n計、估算\n2.估衣鋪,,,
9,0062,体,1.ㄊ｜ˇ\n2.ㄅㄣˋ,1.「體」的異\n體字\n2.「笨」的異\n體字,,,
10,0063,但,ㄉㄢˋ,,,,
11,*0064,佃,ㄉ｜ㄢˋ,,,,
0,0065,佔,ㄓㄢˋ,佔領,,通「覘」時，\n音ㄓㄢ。,
1,*0066,伴,ㄅㄢˋ,,,,
2,0067,佁,｜ˇ,,,,
3,*0068,佚,｜ˋ,,,,
4,0069,作,1. ㄗㄨㄛ\nˋ\n2.ㄗㄨㄛˊ,1.作文、工\n作、自作自\n受、打躬作\n揖、瓦作、\n作坊、仵作\n2.作料、作\n興、作摩,,,
5,0070,伯,ㄅㄛˊ,伯父、大伯、\n伯樂（周代善\n於相馬的人）,,通「霸」時，\n音ㄅㄚˋ。,ㄅㄞˇ僅限\n於「大伯子」\n（稱丈夫的\n哥哥）一詞，\n罕用，刪之。
6,0071,余,1.ㄩˊ\n2.ㄒㄩˊ,1.余一人、姓\n（如清代有\n余廷燦）\n2.余吾（水\n名、鎮名）,,,
7,0072,來,ㄌㄞˊ,,,,
8,*0073,佼,ㄐ｜ㄠˇ,,,,
9,0074,佷,1.ㄏㄣˇ\n2.ㄏㄥˊ,1.佷戾\n2.「佷，佷\n山，縣名，\n在武陵。」\n（集韻）,,,
10,0075,使,ㄕˇ,,,,
11,0076,佬,ㄌㄠˇ,,,,
12,0077,供,1.ㄍㄨㄥ\n2.ㄍㄨㄥˋ,1.口供、供給\n2.供品、供奉,,,
13,0078,佰,ㄅㄞˇ,,,,
0,0079,侗,1.ㄊㄨㄥˊ\n2.ㄉㄨㄥˋ\n(限讀),1.倥侗、「侗\n而不愿。」\n（論語‧泰\n伯）,2.限於「侗\n族」（民族\n名）一詞音\nㄉㄨㄥˋ。,,
1,0080,佹,ㄍㄨㄟˇ,,,,
2,0081,信,ㄒ｜ㄣˋ,誠信、信用、\n信服,,通「申」、「伸」\n時，音\nㄕㄣ。,
3,0082,俍,ㄌ｜ㄤˊ,,,,
4,*0083,侻,ㄊㄨㄛˋ,,,,
5,0084,侵,ㄑ｜ㄣ,,,,
6,0085,俠,ㄒ｜ㄚˊ,,,,
7,0086,侲,ㄓㄣˋ,,,,
8,*0087,俏,ㄑ｜ㄠˋ,,,,
9,0088,俔,ㄑ｜ㄢˋ,,,,
10,0089,俜,ㄆ｜ㄥ,,,,
11,0090,便,1.ㄅ｜ㄢˋ\n2.ㄆ｜ㄢˊ,1.方便、便利\n2.便宜、便\n辟、大腹便\n便,,,
12,0091,俙,ㄒ｜,,,,
13,0092,俟,1.ㄙˋ\n2.ㄑ｜ˊ,1.俟機而\n動、姓（見\n通志氏族\n略）\n2.万俟（複\n姓）,,,
14,0093,俊,ㄐㄩㄣˋ,,,,
15,0094,俛,ㄇ｜ㄢˇ,僶俛,,通「俯」時，\n音ㄈㄨˇ。,
16,0095,俄,ㄜˊ,,,,
17,0096,俇,ㄎㄨㄤˇ,,,,
0,0097,俞,1.ㄩˊ\n2.ㄕㄨ\n(限讀),1.俞允、姓\n（如明代名\n將俞大猷）,2.限於「俞\n兒」（神名）\n一詞音ㄕ\nㄨ。,,
1,0098,倥,1.ㄎㄨㄥ\n2.ㄎㄨㄥˇ,1.倥侗\n2.倥傯,,,
2,0099,倞,ㄌ｜ㄤˋ,,,,
3,0100,倓,ㄊㄢˊ,「倓然見管\n仲之足以託\n國也。」（荀\n子‧仲尼）,,,
4,0101,們,ㄇㄣˊ,,,,
5,0102,倩,ㄑ｜ㄢˋ,,,,
6,0103,倔,1.ㄐㄩㄝˊ\n2.ㄐㄩㄝˋ,1.倔起、倔強\n2.倔脾氣、倔\n巴棍子,,,
7,0104,倆,1.ㄌ｜ㄤˇ\n2.ㄌ｜ㄚˇ,1.伎倆\n2.哥兒倆,,,
8,0105,值,ㄓˊ,,,,
9,0106,,ㄌㄞˊ,,,,
10,0107,倒,1.ㄉㄠˇ\n2.ㄉㄠˋ,1.倒閉、跌\n倒、倒塌、\n顛倒\n2.倒影、倒轉,,,
11,0108,俺,1.ㄢˇ\n2.｜ㄢˋ,1.俺家\n2.「俺，大\n也。」（說\n文）,,,
12,0109,倘,ㄊㄤˇ,倘若,,通「徜」時，\n音ㄔㄤˊ。,
13,0110,俱,ㄐㄩˋ,,,,
14,0111,倡,1.ㄔㄤˋ\n2.ㄔㄤ,1.提倡\n2.倡優,,,
0,0112,個,1.ㄍㄜˋ\n2.ㄍㄜˇ\n(限讀),1.一個、個\n子、個性、個\n人,2.限於「自個\n兒」一詞音\nㄍㄜˇ。,,
1,0113,俶,ㄔㄨˋ,俶裝、令終\n有俶，公尸嘉\n告。（詩\n經‧大雅‧既\n醉）,,通「倜」時，\n音ㄊ｜ˋ。,
2,*0114,倗,ㄆㄥˊ,,,,
3,*0115,倜,ㄊ｜ˋ,,,,
4,0116,倭,ㄨㄛ,,,,
5,0117,俾,ㄅ｜ˋ,,,,
6,*0118,倉,ㄘㄤ,,,,
7,*0119,健,ㄐ｜ㄢˋ,,,,
8,0120,假,1.ㄐ｜ㄚˇ\n2.ㄐ｜ㄚˋ,1.假借、假裝\n2.假期、放假,,通「格」時，\n音ㄍㄜˊ。通\n「遐」時，音\nㄒ│ㄚˊ。,
9,0121,偋,ㄅ｜ㄥˇ,,,,
10,0122,偪,ㄈㄨˊ,偪陽（古國\n名）,,通「逼」時，\n音ㄅ｜。,
11,0123,偕,ㄒ｜ㄝˊ,,,,
12,0124,偞,｜ㄝˋ,,,,
13,0125,側,ㄘㄜˋ,,,,
14,0126,偈,1.ㄐ｜ㄝˊ\n2.ㄐ｜ˋ,1.「伯兮偈\n兮。」（詩\n經‧衛風‧\n伯兮）、「偈\n偈乎揭仁義\n而行。」（莊\n子‧天道）\n2.偈句、偈語,,,
0,0127,偲,1.ㄙ\n2.ㄙㄞ,1.偲偲\n2.「其人美且\n偲」（詩\n經‧齊風‧\n盧令）,,,
1,0128,偵,ㄓㄣ,,,,
2,0129,偺,ㄗㄢˊ,,,,
3,*0130,偽,ㄨㄟˋ,,,,
4,0131,傍,1.ㄅㄤˋ\n2.ㄅㄤ,1.依山傍\n水、依傍\n2.傍晚、傍午,,通「旁」時，\n音ㄆㄤˊ。,
5,0132,傅,ㄈㄨˋ,師傅、姓（如\n殷高宗時有\n賢相傅說）,,通「敷」時，\n音ㄈㄨ。,
6,0133,傒,ㄒ｜,,,,
7,0134,傀,1.ㄎㄨㄟˇ\n2.ㄍㄨㄟ,1.傀儡\n2.傀奇,,,
8,0135,傖,ㄘㄤ,,,,
9,0136,傭,ㄩㄥ,,,,
10,0137,傳,1.ㄔㄨㄢˊ\n2.ㄓㄨㄢˋ,1.傳單、傳\n神、傳染\n2.傳記、左傳,,,
11,0138,僅,ㄐ｜ㄣˇ,,,,
12,*0139,僇,ㄌㄨˋ,,,,
13,*0140,僂,ㄌㄡˊ,,,,
14,0141,傾,ㄑ｜ㄥ,,,,
15,0142,僮,1.ㄊㄨㄥˊ\n2.ㄓㄨㄤˋ\n(限讀),,2.限於「僮\n族」，我國\n少數民族之\n一，大陸現\n作「壯族」\n音ㄓㄨㄤ\nˋ。,,
0,*0143,僎,ㄓㄨㄢˋ,,,,
1,*0144,僝,ㄔㄢˊ,,,,
2,0145,僥,1.ㄐ｜ㄠˇ\n2.｜ㄠˊ\n(限讀),1.僥倖,2.限於「僬\n僥」（古代\n的矮人國）\n一詞音｜ㄠ\nˊ。,,
3,0146,僨,ㄈㄣˋ,,,,
4,*0147,僚,ㄌ｜ㄠˊ,,,,
5,0148,僓,ㄊㄨㄟˇ,,,,
6,0149,僤,ㄉㄢˋ,,,,
7,*0150,僬,ㄐ｜ㄠ,,,,
8,0151,儃,1.ㄔㄢˊ\n2.ㄊㄢˇ,1.「入漵浦余\n儃佪。」（楚\n辭‧屈原‧\n九章‧涉江）\n2.「儃儃然不\n趨。」（莊\n子‧田子方）,,,
9,0152,僻,ㄆ｜ˋ,,,,
10,0153,價,ㄐ｜ㄚˋ,,,,
11,*0154,僸,ㄐ｜ㄣˋ,,,,
12,*0155,儆,ㄐ｜ㄥˇ,,,,
13,*0156,僾,ㄞˋ,,,,
14,0157,儌,ㄐ｜ㄠˇ,,,,
15,0158,儉,ㄐ｜ㄢˇ,,,,
16,0159,儐,ㄅ｜ㄣ,,,,
17,*0160,儓,ㄊㄞˊ,,,,
18,*0161,儗,ㄋ｜ˇ,,,,
19,*0162,儑,ㄢˋ,,,,
20,*0163,儥,ㄩˋ,,,,
21,*0164,優,｜ㄡ,,,,
0,0165,儲,ㄔㄨˊ,,,,
1,0166,儳,ㄔㄢˊ,,,,
2,*0167,儽,ㄌㄟˇ,,,,
3,*0168,允,ㄩㄣˇ,,,,
4,*0169,兄,ㄒㄩㄥ,,,,
5,0170,先,ㄒ｜ㄢ,,,,
6,0171,兌,1.ㄉㄨㄟˋ\n2.ㄩㄝˋ\n(限讀),1.兌卦、「行\n道兌矣。」\n（詩經‧大\n雅‧）、\n「塞其兌。」\n（老子‧第\n五十二章）,2.限於「兌\n命」一詞音\nㄩㄝˋ。,,
7,0172,免,ㄇ｜ㄢˇ,免除、避免,,通「絻」時，\n音ㄨㄣˋ。,
8,0173,兒,1.ㄦˊ\n2.ㄋ｜ˊ,1.兒童、兒子\n2.姓（如漢代\n有兒寬）,,,
9,0174,入,ㄖㄨˋ,,,,
10,0175,內,ㄋㄟˋ,內人、內臟、\n內疚、內幕,,通「納」時，\n音ㄋㄚˋ。,
11,0176,兩,ㄌ｜ㄤˇ,斤兩、銀兩、\n兩岸、三心兩\n意,,通「輛」時，\n音ㄌ｜ㄤˋ。,
12,*0177,八,ㄅㄚ,,,,
13,0178,六,1.ㄌ｜ㄡˋ\n2.ㄌㄨˋ,1.四五六、六\n君子、第\n六、五臟六\n腑、六親不\n認\n2.姓（見萬姓\n統譜）,,,
0,0179,共,1.ㄍㄨㄥˋ\n2.ㄍㄨㄥ,1.禍福與\n共、共同、\n共有\n2.共工（唐堯\n時治水官\n名，又掌百\n工之官）、\n姓（如黃帝\n時有共鼓）,,通「拱」時，\n音ㄍㄨㄥˇ,
1,0180,其,1.ㄑ｜ˊ\n2.ㄐ｜\n(限讀),1.其實、其\n餘、尤其,2.限於「酈食\n其」（漢代\n人）一詞音\nㄌ｜ˋ\n｜ˋ\nㄐ｜。,,
2,0181,,ㄘㄜˋ,,,,
3,0182,冒,1.ㄇㄠˋ\n2.ㄇㄛˋ\n(限讀),1.冒充、冒\n險、冒失、\n冒犯,2.限於「冒\n頓」（人\n名。漢初匈\n奴的單于）\n一詞音ㄇㄛ\nˋ\nㄉㄨˊ。,,
4,0183,冘,｜ㄣˊ,,,,
5,0184,冠,1.ㄍㄨㄢ\n2.ㄍㄨㄢˋ,1.皇冠、雞\n冠、冠冕堂\n皇\n2.冠禮、冠\n軍、豔冠群\n芳、冠絕一\n時、冠詞,,,
0,0185,,1.ㄐㄩˋ\n2.ㄗㄨㄟˋ,1.「，積\n也。」（說\n文）\n2.「最」的異\n體字,,,
1,0186,冰,ㄅ｜ㄥ,,,,
2,*0187,冷,ㄌㄥˇ,,,,
3,*0188,凔,ㄔㄨㄤˋ,,,,
4,0189,凵,ㄎㄢˇ,,,,
5,0190,凹,ㄠ,,,,
6,0191,凸,ㄊㄨˊ,,,,
7,*0192,函,ㄏㄢˊ,,,,
8,0193,切,1.ㄑ｜ㄝˋ\n2.ㄑ｜ㄝ,1.密切、一\n切、反切\n2.切麵、切\n斷、切磋,,,
9,0194,分,1.ㄈㄣ\n2.ㄈㄣˋ,1.分數、分析\n2.本分、部分,,,
10,0195,刨,1.ㄆㄠˊ\n2.ㄅㄠˋ,1.刨土、刨\n除、刨根\n2.刨冰、刨\n木、刨子,,,
11,0196,刻,ㄎㄜˋ,,,,
12,0197,刷,ㄕㄨㄚ,,,,
13,0198,刺,ㄘˋ,,,,
14,0199,刮,ㄍㄨㄚ,,,,
15,0200,剌,1.ㄌㄚˋ\n2.ㄌㄚˊ,1.乖剌、剌\n謬、剌剌（狀\n聲詞）\n2.剌開,,,
0,0201,削,1.ㄒㄩㄝˋ\n讀\n2.ㄒ｜ㄠ\n語,1.削壁、削足\n適履、瘦削\n2.刀削麵、削\n鉛筆,,,取ㄒㄩㄝ\nˋ、ㄒ｜ㄠ二\n音。語音單用\n時，用ㄒ｜\nㄠ。
1,0202,剖,ㄆㄡˇ,,,,
2,0203,,ㄑ｜ㄥˊ,「，墨刑在\n面也，古作\n黥。」（集韻）,,通「掠」時，\n音ㄌㄩㄝˋ。,
3,0204,剡,1.｜ㄢˇ\n2.ㄕㄢˋ,1.「剡木為\n矢。」（易\n經‧繫辭下）\n2.剡溪（水\n名。在浙江\n省）、剡縣\n（浙江省舊\n縣名）,,,
4,0205,,ㄔㄢˇ,,,,
5,0206,剔,ㄊ｜,,,,
6,0207,剝,ㄅㄛ,剝落、剝皮,,通「駁」時，\n音ㄅㄛˊ。,
7,0208,副,1.ㄈㄨˋ\n2.ㄆ｜ˋ,1.副詞、副\n手、一副對\n聯、名副其\n實\n2.「為天子削\n瓜者副之。」\n（禮記‧曲\n禮上）,,,
8,0209,剬,ㄉㄨㄢ,「所以剬有\n司。」（淮南\n子‧主術）,,通「剸」時，\n音ㄊㄨㄢˊ。,
9,*0210,剴,ㄎㄞˇ,,,,
10,0211,創,1.ㄔㄨㄤˋ\n2.ㄔㄨㄤ,1.開創、創舉\n2.創傷、重創,,,
0,0212,剸,ㄊㄨㄢˊ,,,,
1,0213,剽,ㄆ｜ㄠˋ,,,,
2,0214,剿,ㄐ｜ㄠˇ,,,,
3,0215,劃,1.ㄏㄨㄚˋ\n2.ㄏㄨㄚˊ,1.規劃、劃撥\n2.劃開、劃火\n柴,,,
4,0216,劈,ㄆ｜,,,,ㄆ｜ˇ音是\n北平語區「劈\n柴」、「劈岔」\n等之特用\n音，併入\nㄆ｜。
5,0217,劇,ㄐㄩˋ,,,,
6,0218,劊,ㄎㄨㄞˋ,,,,
7,0219,劙,ㄌ｜ˊ,,,,
8,0220,勁,ㄐ｜ㄥˋ,,,,因為\nㄐ｜ㄥˋ的\n詞彙較多，且\n偏旁「巠」音\nㄐ｜ㄥ；因此\nㄐ｜ㄣˋ併\n讀為\nㄐ｜ㄥˋ。此\n字依問卷專\n家意見處理。
9,0221,,ㄌㄞˋ,招,,通「敕」時，\n音ㄔˋ。,
10,*0222,務,ㄨˋ,,,,
11,0223,勘,ㄎㄢ,,,,
12,0224,勒,1.ㄌㄜˋ\n2.ㄌㄟ,1.韁勒、勒\n碑、勒令\n2.勒緊、勒死,,,
0,0225,勞,1.ㄌㄠˊ\n2.ㄌㄠˋ,1.功勞、勞\n工、勞駕、\n疲勞、勞什\n子、勞燕分\n飛、勞師動\n眾\n2.慰勞、勞軍,,,
1,0226,勝,1.ㄕㄥˋ\n2.ㄕㄥ,1.戰勝、尋幽\n覽勝、勝會\n2.勝任、不勝\n枚舉,,,
2,*0227,募,ㄇㄨˋ,,,,
3,0228,勦,1.ㄐ｜ㄠˇ\n2.ㄔㄠ,1.勦匪、勦滅\n2.勦襲、勦說,,,
4,0229,勷,ㄖㄤˊ,,,,
5,0230,勺,1.ㄕㄠˊ\n2.ㄓㄨㄛˊ,1.湯勺\n2.「誦詩舞\n勺。」（禮\n記‧內則）,,,
6,0231,勾,1.ㄍㄡ\n2.ㄍㄡˋ\n(限讀),1.魚勾、一筆\n勾消、勾\n搭、勾勒、\n勾芡、拐\n勾、勾引、\n勾股形、勾\n魂攝魄,2.限於「勾\n當」一詞音\nㄍㄡˋ。,,
7,*0232,包,ㄅㄠ,,,,
8,0233,化,1.ㄏㄨㄚˋ\n2.ㄏㄨㄚ\n(限讀),1.造化弄\n人、文化、\n化石、化\n學、化裝、\n化境、化險\n為夷,2.限於「化\n子」（乞丐）\n一詞音\nㄏㄨㄚ。,,
9,0234,北,ㄅㄟˇ,北平、敗北、\n北方、北上,,通「背」時，\n音ㄅㄟˋ。,
0,0235,匙,1.ㄔˊ\n2.‧ㄕ\n(限讀),1.湯匙,2.限於「鑰\n匙」一詞音\n‧ㄕ。,,
1,*0236,匡,ㄎㄨㄤ,,,,
2,*0237,匪,ㄈㄟˇ,,,,
3,0238,匱,ㄎㄨㄟˋ,,,,
4,0239,匹,1.ㄆ｜ˇ\n2.ㄆ｜,1.布匹、匹\n配、匹夫之\n勇、匹敵\n2.單槍匹\n馬、馬匹,,,
5,*0240,匽,｜ㄢˇ,,,,
6,0241,區,1.ㄑㄩ\n2.ㄡ,1.區域、區\n別、「區區\n小事，不足\n掛齒。」\n2.區脫（邊\n界）、「豆、\n區、釜、鍾。」\n（左傳‧昭\n公三年）、\n姓（如漢代\n有區博）,,,
7,0242,匿,ㄋ｜ˋ,匿名信、匿情\n不報、消聲匿\n跡,,通「慝」時，\n音ㄊㄜˋ。,
8,0243,午,1.ㄨˇ\n2.‧ㄏㄨㄛ\n(限讀),1.午時、午\n睡、姓（如\n漢代有午汝\n臣）,2.限於「晌\n午」一詞音\n‧ㄏㄨㄛ。,,
9,0244,半,ㄅㄢˋ,半晌、半碗\n飯、半天、一\n半兒、半生不\n熟,,,
0,0245,卒,1.ㄗㄨˊ\n2.ㄘㄨˋ,1.役卒、士\n卒、卒能成\n事\n2.倉卒、卒然,,,
1,0246,卓,ㄓㄨㄛˊ,,,,
2,0247,南,1.ㄋㄢˊ\n2.ㄋㄚˊ\n(限讀),1.南方、南\n下、南岸、\n南轅北轍、\n南腔北調、\n南柯一夢,2.限於佛經\n「南無」一\n詞音ㄋㄚ\nˊ。,,
3,0248,卡,1.ㄎㄚˇ\n2.ㄑ｜ㄚˇ\n(限讀),1.關卡、卡路\n里、卡通、\n卡車,2.限於「卡\n子」一詞音\nㄑ｜ㄚˇ。,,
4,0249,占,1.ㄓㄢ\n2.ㄓㄢˋ,1.占卜、占\n夢、占星\n2.占有、占\n據、占領,,,
5,0250,卬,ㄤˊ,「卬須我\n友。」（詩\n經‧邶風‧匏\n有苦葉）、「意\n慷慨而自\n卬。」（文\n選‧司馬相\n如‧長門賦）,,通仰\n時，音｜ㄤ\nˇ。,
6,0251,卵,ㄌㄨㄢˇ,,,,
7,0252,卷,1.ㄐㄩㄢˋ\n2.ㄐㄩㄢˇ\n3.ㄑㄩㄢˊ,1.手卷、上卷\n2.卷舌\n3.卷曲、卷卷\n服膺,,,
0,0253,厂,1.ㄏㄢˇ\n2.ㄢ,1.「厂，山石\n之崖巖，人\n可居。」（說\n文）\n2.「庵」的異\n體字,,,
1,0254,厖,ㄇㄤˊ,,,,
2,0255,厘,1.ㄌ｜ˊ\n2.ㄔㄢˊ,1.「釐」的異\n體字\n2.「廛」的異\n體字,,,
3,0256,原,ㄩㄢˊ,原因、原諒、\n平原、原著、\n原住民,,通「愿」時，\n音ㄩㄢˋ。,
4,*0257,厜,ㄔㄨㄟˊ,,,,
5,0258,厭,1.｜ㄢˋ\n2.｜ㄢ\n(限讀),1.貪得無\n厭、討厭、\n會厭軟骨,2.限於「厭\n厭」一詞音\n｜ㄢ。,,
6,0259,厲,ㄌ｜ˋ,厲鬼、厲害、\n雷厲風行、\n「子溫而\n厲。」（論\n語‧述而）,,通「癩」時，\n音ㄌㄞˋ。,
7,0260,厹,1.ㄖㄡˊ\n2.ㄑ｜ㄡˊ,1.「禸」的異\n體字\n2.厹矛、厹由\n（古國名）,,,
8,*0261,去,ㄑㄩˋ,,,,
0,0262,參,1.ㄘㄢ\n2.ㄕㄣ\n3.ㄘㄣ,1.參議員、參\n觀、參加、\n曹參（人\n名。漢時宰\n相）\n2.人參、動如\n參商、曾參\n（即曾\n子）、海參\n崴（港名。\n在西伯利亞\n東南）\n3.參差,,通「三」時，\n音ㄙㄢ。,
1,0263,叉,ㄔㄚ,,,,
2,0264,反,ㄈㄢˇ,,,,
3,*0265,取,ㄑㄩˇ,,,,
4,0266,叟,ㄙㄡˇ,,,,
5,0267,叢,ㄘㄨㄥˊ,,,,
6,*0268,司,ㄙ,,,,
7,0269,可,1.ㄎㄜˇ\n2.ㄎㄜˋ,1.可口、可\n是、可愛、\n「你可回來\n了！」\n2.可汗,,,
8,0270,召,1.ㄓㄠˋ\n2.ㄕㄠˋ,1.召喚、召禍\n2.召陵（古地\n名）、召南\n（詩經十五\n國風之\n一）、姓（如\n漢代有召信\n臣）,,,
0,0271,叨,1.ㄊㄠ\n2.ㄉㄠ,1.叨光、叨陪\n末座、叨擾\n2.嘮叨、叨\n登、叨念,,,
1,0272,只,ㄓˇ,只好、只此一\n家,,通「隻」時，\n音ㄓ。,
2,0273,台,1.ㄊㄞˊ\n2.｜ˊ,1.台端、台州\n（浙江省舊\n府名）\n2.「諸呂不\n台。」（史\n記‧太史公\n自序）,,,
3,0274,句,1.ㄐㄩˋ\n2.ㄍㄡˋ\n(限讀)\n3.ㄍㄡ,1.句讀、句子\n3.高句麗、句\n漏山(山\n名，廣西)、\n句兵(兵\n器)、句龍\n(複姓),2.限於「句\n當」一詞音\nㄍㄡˋ。,通「勾」時，\n音ㄍㄡ。,
4,0275,吐,1.ㄊㄨˇ\n2.ㄊㄨˋ,1.吐痰、吐露\n2.吐血、嘔吐,,,ㄊㄨˇ從口\n中出，ㄊㄨˋ\n從胃中出。
5,0276,吃,1.ㄔ\n2.ㄐ｜ˊ\n(限讀),1.吃飯、吃\n虧、吃力、\n「這艘船吃\n水有多\n深？」,2.限於「口\n吃」一詞音\nㄐ｜ˊ。,,
6,0277,各,1.ㄍㄜˋ\n2.ㄍㄜˇ\n(限讀),1.各種、各\n自、各就各\n位、各有千\n秋、各個擊\n破,2.限於「自各\n兒」一詞音\nㄍㄜˇ。（亦\n作「自個\n兒」）,,
0,0278,合,1.ㄏㄜˊ\n2.ㄍㄜˇ\n(限讀),1.合作、天作\n之合、合\n適、折合現\n金、聚合,2.限於「公\n合」（容量\n單位）一詞\n音ㄍㄜˇ。,,
1,0279,吾,ㄨˊ,,,,
2,0280,否,1.ㄈㄡˇ\n2.ㄆ｜ˇ,1.否定、是\n否、不置可\n否\n2.否卦、否極\n泰來、臧否,,,
3,0281,吭,1.ㄏㄤˊ\n2.ㄎㄥ\n(限讀),1.引吭高歌,2.限於「吭\n聲」一詞音\nㄎㄥ。,,
4,0282,吧,1.ㄅㄚ\n2.‧ㄅㄚ,1.酒吧\n2.「給我\n吧！」、「算\n了吧！」,,,
5,0283,吱,ㄓ,,,,
6,0284,呀,1.｜ㄚ\n2.‧｜ㄚ\n3.ㄒ｜ㄚ,1.呀的一\n聲、啊呀\n2.「他呀，恐\n怕不行！」\n3.呀然、「汝\n口開呀呀。」\n（唐‧韓\n愈‧月蝕詩）,,,
7,0285,呆,ㄉㄞ,,,,
8,*0286,吶,ㄋㄚˋ,,,,
0,0287,吽,1.ㄏㄨㄥ\n2.ㄏㄡˇ,1.阿吽、唵嘛\n呢叭咪吽\n（六字真\n言）\n2.「那老兒，\n一會家便怒\n吽吽在那柴\n門外。」\n（元‧康進\n之‧李逵負\n荊）,,,
1,*0288,呈,ㄔㄥˊ,,,,
2,0289,吹,ㄔㄨㄟ,,,,
3,0290,听,1.ㄊ｜ㄥ\n2.ㄊ｜ㄥˋ\n3.｜ㄣˇ,1.「聽」的異\n體字\n2.「聽」的異\n體字\n3.「亡是公听\n然而笑。」\n（文選‧司\n馬相如‧上\n林賦）,,,
4,*0291,吟,｜ㄣˊ,,,,
5,0292,告,1.ㄍㄠˋ\n2.ㄍㄨˋ\n(限讀),1.公告、原\n告、報告、\n告退、控\n告、告老還\n鄉、忠告,2.限於「告\n朔」一詞音\nㄍㄨˋ。,,
6,0293,含,ㄏㄢˊ,,,,
7,0294,咇,1.ㄅ｜ㄝˊ\n2.ㄅ｜,1.咇茀\n2.咇咇剝剝\n（狀聲詞）,,,
8,*0295,味,ㄨㄟˋ,,,,
0,0296,呢,1.ㄋ｜ˊ\n2.‧ㄋㄜ,1.呢絨、呢喃\n2.「怎麼辦\n呢？」、「他\n正忙著\n呢！」,,,
1,0297,呵,1.ㄏㄜ\n2.ㄛ,1.呵欠、呵\n護、呵呵笑\n2.「這麼多錢\n呵！」,,,
2,0298,咕,ㄍㄨ,,,,
3,0299,咁,ㄍㄢ,,,,
4,0300,咖,ㄎㄚ,,,,此字現僅常\n用於「咖啡」\n一詞，為西文\ncoffee之譯\n音，故取ㄎ\nㄚ，去ㄐ｜\nㄚ。
5,0301,呺,ㄒ｜ㄠ,,,,
6,0302,呫,1.ㄓㄢ\n2.ㄔㄜˋ,1.呫呫、呫\n嚅、呫囁、\n呫嗶\n2.呫血之盟,,,
7,0303,咄,ㄉㄨㄛˋ,,,,
8,*0304,呼,ㄏㄨ,,,,
9,0305,咋,ㄗㄜˊ,,,,
10,0306,呴,1.ㄒㄩˇ\n2.ㄏㄡ\n(限讀),1.呴濡、呴\n呴、「眾呴\n漂山。」（漢\n書‧中山靖\n王傳）,2.限於「唏\n呴」一詞音\nㄏㄡ。,,
0,0307,呱,1.ㄍㄨ\n2.ㄍㄨㄚ,1.呱呱而\n泣、呱呱墮\n地\n2.頂呱呱、呱\n呱叫,,,
1,0308,和,1.ㄏㄜˊ\n2.ㄏㄜˋ\n3.ㄏㄨㄛˋ\n4.ㄏㄢˋ\n5.‧ㄏㄨㄛ\n6.ㄏㄨˊ\n(限讀),1.總和、大和\n民族、和\n尚、和平、\n和風、和談\n2.唱和、附和\n3.和麵、攪和\n4.我和你\n5.暖和、熱和,6.限於「和\n牌」一詞音\nㄏㄨˊ。,,
2,0309,咎,1.ㄐ｜ㄡˋ\n2.ㄍㄠ,1.咎由自\n取、引咎辭\n職、「既往\n不咎。」（論\n語‧八佾）\n2.咎陶（古人\n名。虞舜之\n臣）、「狄\n人伐廧咎\n如。」（左\n傳‧僖公二\n十三年）,,,
3,*0310,命,ㄇ｜ㄥˋ,,,,
4,*0311,咸,ㄒ｜ㄢˊ,,,,
5,0312,咳,1.ㄎㄜˊ\n2.ㄏㄞ,1.咳嗽、咳血\n2.咳聲嘆氣,,,
6,0313,哏,ㄍㄣˊ,,,,
7,0314,哇,ㄨㄚ,,,,
0,0315,哄,1.ㄏㄨㄥ\n2.ㄏㄨㄥˇ,1.哄傳、哄\n動、哄堂大\n笑\n2.連哄帶\n騙、哄小孩,,,
1,0316,咥,1.ㄒ｜ˋ\n2.ㄉ｜ㄝˊ,1.「咥其笑\n矣。」（詩\n經‧衛風‧\n氓）\n2.「履虎尾，\n不咥人，\n亨。」（易\n經‧履卦）,,,
2,0317,咧,ㄌ｜ㄝˇ,,,,
3,0318,咽,1.｜ㄢ\n2.｜ㄝˋ,1.咽喉\n2.哽咽,,通「嚥」時，\n音｜ㄢˋ。,
4,*0319,咼,ㄎㄨㄞ,,,,
5,0320,咷,ㄊㄠˊ,,,,
6,0321,哆,1.ㄉㄨㄛ\n2.ㄔㄜˇ,1.哆嗦、哆囉\n呢\n2.哆著嘴、\n「逆風口哆\n哆。」（宋‧\n梅堯臣‧直\n會開寶塔院\n詩）,,,
7,0322,咶,ㄏㄨㄚˋ,,,,
8,*0323,哅,ㄒㄩㄥ,,,,
9,0324,咯,1.‧ㄌㄛ\n2.ㄍㄜ\n3.ㄎㄚˇ,1.「來\n咯！」、「當\n然咯！」\n2.「母雞咯咯\n叫。」\n3.咯血,,通「嗝」時，\n音ㄍㄜˊ。,
0,0325,咬,1.│ㄠˇ\n2.ㄐ│ㄠ\n(限讀),1.一口咬\n定、咬文嚼\n字、咬牙切\n齒,2.限於「咬咬\n好音」一詞音\nㄐ│ㄠ。,,
1,0326,咱,1.ㄗㄢˊ\n2.ㄗㄚˊ,1.咱們\n2.咱家,,,
2,0327,咻,1.ㄒ│ㄡ\n2.ㄒㄩ,1.咻咻、「一\n齊人傅之，\n眾楚人咻\n之。」（孟\n子‧滕文公\n下）\n2.「咻，噢\n咻，痛念\n聲。」（集\n韻）、「山\n川之所習，\n風氣之所\n咻。」（蘇\n軾文）,,,
3,0328,哈,1.ㄏㄚ\n2.ㄏㄚˇ\n3.ㄎㄚ\n(限讀),1.哈密瓜、哈\n哈大笑、哈\n腰、哈姆雷\n特、哈雷彗\n星\n2.哈巴狗、哈\n德門（北平\n崇德門的俗\n稱）,3.限於「哈喇\n呢」一詞音\nㄎㄚ。,,
4,0329,唇,1.ㄓㄣ\n2.ㄔㄨㄣˊ,1.「唇，驚\n也。」（說\n文）\n2.「脣」的異\n體字。,,,
5,0330,哿,ㄎㄜˇ,,,,
6,0331,哼,ㄏㄥ,,,,
0,0332,哢,ㄌㄨㄥˋ,,,,
1,0333,哺,ㄅㄨˇ,,,,
2,0334,唔,ㄨˊ,,,,
3,0335,哮,ㄒ｜ㄠ,,,,
4,0336,哪,1.ㄋㄚˇ\n2.‧ㄋㄚ\n3.ㄋㄨㄛˊ\n(限讀),1.哪知、哪個\n2.「你又走\n哪？」（兒\n女英雄傳‧\n第七回）,3.限於「哪\n吒」一詞音\nㄋㄨㄛˊ。,,
5,*0337,哨,ㄕㄠˋ,,,,
6,0338,哩,1.ㄌ｜\n2.ㄌ｜ˇ,1.哩哩囉\n囉、哩嚕、\n哩也波\n2.一哩（英美\n長度單位。\n為mile的音\n譯),,,
7,0339,員,1.ㄩㄢˊ\n2.ㄩㄣˊ,1.員工、幅\n員、員外、\n兩員大將\n2.伍員（人\n名。春秋時\n楚人，字子\n胥）、「員\n于爾輻。」\n（詩經‧小\n雅‧正月）,,,
8,0340,唈,｜ˋ,,,,
0,0342,唅,1.ㄏㄢ\n2.ㄏㄢˊ,1.唅呀、唅唅\n2.「唅菽飲\n水。」（漢\n書‧貨殖傳\n序）,,,
1,0343,唧,ㄐ｜ˊ,,,,
2,0344,唼,1.ㄕㄚˋ\n2.ㄑ｜ㄝˋ,1.唼眼、唼\n血、唼氣、\n唼喋\n2.唼佞,,,
3,*0345,啍,ㄊㄨㄣ,,,,
4,0346,啐,ㄘㄨㄟˋ,,,,
5,0347,啑,ㄐ｜ㄝˊ,啑血,,通「歃」時，\n音ㄕㄚˋ,
6,0348,唪,ㄈㄥˇ,,,,
7,0349,啞,1.｜ㄚˇ\n2.｜ㄚ,2.啞啞、嘔啞,,,
8,0350,唶,1.ㄐ｜ㄝˋ\n2.ㄗㄜˋ,1.「唶曰：『氣\n佳哉！鬱鬱\n蔥蔥然。』」\n（後漢書‧\n光武帝紀\n下）\n2.嚄唶,,,
9,0351,啊,1.ㄚ\n2.‧ㄚ,1.「啊！失火\n了！」\n2.「不錯\n啊！」,,,
10,0352,啦,1.ㄌㄚ\n2.‧ㄌㄚ,1.啪啦、啦啦\n2.「他來\n啦！」、「好\n啦！」,,,
11,*0353,啄,ㄓㄨㄛˊ,,,,
12,*0354,唬,ㄏㄨˇ,,,,
0,0355,啃,ㄎㄣˇ,,,,
1,0356,啁,ㄓㄡ,,,,
2,0357,唯,ㄨㄟˊ,,,,
3,*0358,唲,ㄦˊ,,,,
4,0359,唸,ㄋ｜ㄢˋ,,,,
5,0360,啻,ㄔˋ,,,,
6,*0361,喜,ㄒ｜ˇ,,,,
7,0362,喪,1.ㄙㄤ\n2.ㄙㄤˋ,1.居喪、喪\n亡、喪服\n2.喪失、沮\n喪、喪心病\n狂,,,凡 是 喪 亡 義\n音ㄙㄤ，失去\n義音ㄙㄤˋ。
8,*0363,喧,ㄒㄩㄢ,,,,
9,0364,喀,ㄎㄚ,,,,
10,0365,喑,｜ㄣ,,,,
11,*0366,喫,ㄔ,,,,
12,0367,喔,1.ㄨㄛˋ\n2.ㄛ,1.喔咿嚅\n唲、「公雞\n喔喔啼。」\n2.喔唷、\n「喔！原來\n如此。」,,,
13,0368,喇,ㄌㄚˇ,,,,
14,*0369,喋,ㄉ｜ㄝˊ,,,,
15,0370,喳,ㄓㄚ,,,,
16,0371,喁,1.ㄩˊ\n2.ㄩㄥˊ,1.喁喁私語\n2.喁喁向慕,,,
0,0373,單,1.ㄉㄢ\n2.ㄕㄢˋ\n3.ㄔㄢˊ\n(限讀),1.菜單、簡單\n2.單縣（山東\n省縣名）、\n姓（如漢代\n有單超）,3.限於單于\n（匈奴稱其\n酋長）一詞\n音ㄔㄢˊ。,,
1,0374,喟,ㄎㄨㄟˋ,,,,
2,0375,喏,1.ㄖㄜˇ\n2.ㄋㄨㄛˋ,1.唱喏\n2.喏喏連\n聲、「喏！\n那不是你要\n找的人\n嗎？」,,,
3,*0376,喤,ㄏㄨㄤˊ,,,,
4,0377,喒,1.ㄗㄢˊ\n2.ㄗㄚˊ,1.喒們\n2.喒家,,,
5,0378,喲,｜ㄠ,,,,
6,*0379,喻,ㄩˋ,,,,
7,0380,喬,ㄑ｜ㄠˊ,,,,
8,0381,唾,ㄊㄨㄛˋ,,,,
9,*0382,嗃,ㄏㄜˋ,,,,
10,0383,嗛,ㄑ｜ㄢˇ,頰嗛,,通「謙」時，\n音ㄑ｜ㄢ。通\n「歉」時，音\nㄑ｜ㄢˋ。,
11,0384,嗟,ㄐ｜ㄝ,,,,
12,0385,嗌,｜ˋ,,,,
13,0386,嗎,1.ㄇㄚˇ\n2.‧ㄇㄚ\n(限讀),1.嗎啡、嗎呼,2.限於當語\n尾助詞時，\n音‧ㄇㄚ。,,
0,*0388,嗔,ㄔㄣ,,,,
1,0389,嗄,ㄕㄚˋ,,,,
2,0390,嗆,ㄑ｜ㄤˋ,,,,
3,0391,嘛,1.ㄇㄚˊ\n2.‧ㄇㄚ,2.疑問詞，同\n「嗎」、喇\n嘛,,,
4,*0392,嘉,ㄐ｜ㄚ,,,,
5,0393,嘏,ㄍㄨˇ,,,,
6,0394,嗾,ㄙㄡˇ,,,,
7,*0395,嗽,ㄙㄡˋ,,,,
8,0396,嘔,1.ㄡˇ\n2.ㄡ\n3.ㄡˋ,1.嘔吐、嘔心\n瀝血\n2.嘔歌、嘔啞\n3.嘔氣、存心\n嘔我,,,
9,0397,嘎,ㄍㄚ,,,,
10,0398,嘁,ㄑ｜,,,,
11,0399,嘍,ㄌㄡˊ,,,,
12,0400,,ㄏㄨ,,,,
13,0401,噌,ㄘㄥ,,,,
14,*0402,嘯,ㄒ｜ㄠˋ,,,,
15,0403,噀,ㄒㄩㄣˋ,,,,
16,0404,噎,｜ㄝ,,,,
17,*0405,噁,ㄜˇ,,,,
18,0406,嘲,ㄔㄠˊ,,,,
19,0407,嘿,ㄏㄟ,嘿 嘿 的 笑 、\n「 嘿 ！ 你 好\n嗎？」,,通「默」時，\n音ㄇㄛˋ。,
20,0408,嘬,ㄗㄨㄛ,,,,
0,0409,嘽,1.ㄊㄢ\n2.ㄔㄢˇ,1.嘽嘽\n2.「其樂心感\n者，其聲嘽\n以緩。」（禮\n記‧樂記）,,,
1,0410,嘳,ㄎㄨㄟˋ,,,,
2,0411,噓,ㄒㄩ,,,,
3,0412,嘩,ㄏㄨㄚ,嘩啦,,通「譁」時，\n音ㄏㄨㄚˊ。,
4,0413,嘸,ㄈㄨˇ,,,,
5,0414,,1.ㄐ｜ㄠˋ\n2.ㄐ｜ㄠ,1.食、類\n2.「其聲以\n殺。」（禮\n記‧樂記）,,,
6,0415,噴,1.ㄆㄣ\n2.ㄆㄣˋ\n(限讀)\n3.‧ㄈㄣ\n(限讀),1.噴水、噴\n泉、香噴\n噴、噴嚏,2.限於「噴\n香」一詞音\nㄆㄣˋ。\n3.限於「嚏\n噴」一詞\n音‧ㄈㄣ。,,
7,0416,噫,｜ˋ,,,,此 為 狀 聲\n詞，故從其偏\n旁取｜ˋ，以\n便於識讀。
8,0417,噹,1.ㄉㄤ\n2.ㄉ｜ㄤ\n(限讀),1.叮噹,2.限於「噹噹\n兒」一詞音\nㄉ｜ㄤ。,,
9,*0418,噥,ㄋㄨㄥˊ,,,,
10,0419,噱,1.ㄐㄩㄝˊ\n2.ㄒㄩㄝ,1.令人發噱\n2.噱頭,,,
0,0420,噦,1.ㄩㄝ\n2.ㄏㄨㄟˋ,1.乾噦、噦了\n一地\n2.「鸞聲噦\n噦。」（詩\n經‧小雅‧\n庭燎）、「噦\n噦其冥。」\n（詩經‧小\n雅‧斯干）,,,
1,0421,噶,ㄍㄜˊ,,,,
2,0422,噣,ㄓㄡˋ,詩經‧周南‧\n小星「嘒彼小\n星 ， 三 五 在\n東 」 句 下 毛\n亨‧傳：「三\n心五噣。」、\n「 龍 面 而 鳥\n噣 。 」 （ 史\n記‧趙世家）,,通  啄 \n時，音\nㄓㄨㄛˊ。,
3,0423,噯,ㄞˋ,,,,
4,0424,噭,1.ㄐ｜ㄠˋ\n2.ㄑ｜ㄠˋ,1.噭應\n2.「馬蹄噭\n千。」（漢\n書‧貨殖傳）,,,
5,*0425,噢,ㄩˇ,,,,
6,0426,噞,｜ㄢˇ,,,,
7,*0427,嚌,ㄐ｜ˋ,,,,
8,0428,嚇,1.ㄏㄜˋ\n2.ㄒ｜ㄚˋ,1.恐嚇、嚇嚇\n2.嚇唬、嚇了\n一跳,,,
9,0429,嚄,ㄏㄨㄛˋ,,,,
10,0430,嚜,1.ㄇㄛˋ\n2.‧ㄇㄜ\n(限讀),1.嚜嚜,2.限於當語\n助詞時，音\n‧ㄇㄜ。,,
0,*0431,嚮,ㄒ｜ㄤˋ,,,,
1,0432,嚷,ㄖㄤˇ,,,,
2,*0433,嚴,｜ㄢˊ,,,,
3,0434,嚼,1.ㄐ｜ㄠˊ\n2.ㄐㄩㄝˊ,1.嚼舌、細嚼\n慢嚥\n2.咀嚼,,,
4,0435,囁,ㄋ｜ㄝˋ,,,,
5,*0436,囂,ㄒ｜ㄠ,,,,
6,0437,囉,1.ㄌㄨㄛˊ\n2.ㄌㄨㄛ,1.嘍囉、囉\n、囉嗊曲\n2.囉囉嗦嗦,,,
7,*0438,囋,ㄗㄢˋ,,,,
8,0439,囝,ㄐ｜ㄢˇ,,,,「囝，閩人呼\n兒曰囝，九件\n切。」（集韻\n上聲獮韻）
9,0440,囤,1.ㄉㄨㄣˋ\n2.ㄊㄨㄣˊ,1.米囤\n2.囤糧,,,
10,0441,囮,｜ㄡˊ,,,,
11,0442,囪,1.ㄘㄨㄥ\n2.ㄔㄨㄤ,1.煙囪\n2.「窗」的本\n字,,,
12,0443,囿,｜ㄡˋ,,,,
13,0444,圂,ㄏㄨㄣˋ,,,,
14,0445,圈,1.ㄑㄩㄢ\n2.ㄐㄩㄢˋ,1.圓圈、圈\n套、墳圈\n子、圈選、\n商業圈、橡\n皮圈\n2.猪圈、羊圈,,,
15,*0446,圉,ㄩˇ,,,,
16,0447,圌,ㄔㄨㄟˊ,圌山,,通「團」時，\n音ㄊㄨㄢˊ。,
0,0448,圜,1.ㄩㄢˊ\n2.ㄏㄨㄢˊ,1.圜牆、「乾\n為天，為\n圜。」（易\n經‧說卦）、\n「圜流九十\n里。」（孔\n子家語‧致\n思）\n2.圜視,,,
1,*0449,土,ㄊㄨˇ,,,,
2,0450,圩,ㄩˊ,,,,
3,0451,地,1.ㄉ｜ˋ\n2.‧ㄉㄜ,1.大地\n2.慢慢地,,,
4,0452,圳,ㄗㄨㄣˋ,,,,
5,*0453,在,ㄗㄞˋ,,,,
6,0454,坊,1.ㄈㄤ\n2.ㄈㄤˊ,1.街坊、染\n坊、牌坊、\n茶坊\n2.堤坊、坊記\n（禮記篇\n名）,,,
7,0455,坏,ㄆㄟˊ,,,,
8,0456,均,ㄐㄩㄣ,平均、均衡,,通「韻」時，\n音ㄩㄣˋ。,
9,0457,圾,ㄙㄜˋ,,,,
10,*0458,圻,ㄑ｜ˊ,,,,
11,*0459,坷,ㄎㄜˇ,,,,
12,0460,坯,ㄆㄟ,,,,
13,0461,坱,｜ㄤˇ,,,,
14,*0462,坫,ㄉ｜ㄢˋ,,,,
0,0463,坻,1.ㄔˊ\n2.ㄉ｜ˇ,1.「宛在水中\n坻。」（詩\n經‧秦風‧\n蒹葭）\n2.寶坻、隴\n坻、坻伏,,,
1,0464,坳,ㄠ,,,,
2,0465,垛,1.ㄉㄨㄛˇ\n2.ㄉㄨㄛˋ,1.城垛\n2.草垛、箭垛\n子、垛指兒,,,
3,*0466,垝,ㄍㄨㄟˇ,,,,
4,0467,埔,ㄆㄨˇ,,,,
5,0468,埋,1.ㄇㄞˊ\n2.ㄇㄢˊ\n(限讀),2.限於「埋\n怨」一詞音\nㄇㄢˊ。,,,
6,0469,埏,1.｜ㄢˊ\n2.ㄕㄢ,1.埏隧、「上\n暢九垓，下\n泝八埏。」\n（史記‧司\n馬相如傳）\n2.埏埴,,,
7,0470,培,1.ㄆㄟˊ\n2.ㄆㄡˇ,1.培育、培\n養、栽培\n2.培塿,,,
8,0471,埽,1.ㄙㄠˇ\n2.ㄙㄠˋ,1.「洒埽穹\n窒。」（詩\n經‧豳風‧\n東山）\n2.「凡塞河\n決，垂合，\n中間一埽，\n謂之合龍\n門。」（宋‧\n沈括‧夢溪\n筆談）,,,
0,0472,埧,1.ㄐㄩˋ\n2.ㄅㄚˋ,1.「埧，堤\n塘。」（廣\n韻）\n2.「壩」的異\n體字,,,
1,0473,堋,1.ㄅㄥˋ\n2.ㄆㄥˊ,1.「毀之則朝\n而堋。」（左\n傳‧昭公十\n二年）\n2.「橫弓先望\n堋。」（北\n周‧庾信‧\n北園射堂新\n成詩）,,,
2,0474,堆,ㄉㄨㄟ,,,,
3,0475,埠,ㄅㄨˋ,,,,
4,0476,埤,1.ㄆ｜ˊ\n2.ㄅㄟ\n3.ㄅ｜ˋ,1.埤益、新\n埤、水埤\n2.虎頭埤、埤\n頭鄉\n3.「松柏不生\n埤。」（國\n語‧晉語）,,,
5,0477,埶,1.ㄕˋ\n2.｜ˋ,1.「勢」的本\n字\n2.「藝」的古\n字,,,
6,0478,堇,ㄐ｜ㄣˇ,,,,
0,0479,堵,1.ㄉㄨˇ\n2.ㄓㄜˇ,1.堵塞、堵\n嘴、一堵牆\n2.堵水（水\n名。在湖北\n省境）、堵\n陽（地名。\n故址在河南\n省境）,,,
1,*0480,報,ㄅㄠˋ,,,,
2,0481,堤,ㄊ｜ˊ,,,,
3,0482,場,ㄔㄤˇ,,,,
4,*0483,堨,ㄜˋ,,,,
5,0484,堡,ㄅㄠˇ,,,,
6,0485,塈,ㄐ｜ˋ,,,,
7,0486,塞,1.ㄙㄜˋ\n2.ㄙㄞˋ\n3.ㄙㄞ,1.阻塞、充\n塞、閉塞、\n推諉塞責\n2.邊塞、要塞\n3.塞車、活\n塞、瓶塞,,,
8,*0487,填,ㄊ｜ㄢˊ,,,,
9,*0488,塢,ㄨˋ,,,,
10,0489,墉,ㄩㄥ,,,,
11,*0490,墊,ㄉ｜ㄢˋ,,,,
12,0491,墐,ㄐ｜ㄣˇ,,,,
13,0492,墆,ㄉ｜ㄝˊ,,,,
14,*0493,增,ㄗㄥ,,,,
15,0494,墳,ㄈㄣˊ,,,,
16,0495,墮,ㄉㄨㄛˋ,墮落、墮胎、\n「 如 墮 五 里\n霧中。」,,通「隳」時，\n音ㄏㄨㄟ。,
17,0496,壅,ㄩㄥ,,,,
18,0497,壁,ㄅ｜ˋ,,,,
0,*0498,壇,ㄊㄢˊ,,,,
1,0499,壎,ㄒㄩㄣ,,,,
2,0500,壘,1.ㄌㄟˇ\n2.ㄌㄩˋ\n(限讀),1.堡壘、壘\n球、「把牆\n壘高些。」,2.限於「鬱\n壘」（門神\n名）一詞音\nㄌㄩˋ。,,
3,0501,壞,ㄏㄨㄞˋ,,,,
4,0502,夏,1.ㄒ｜ㄚˋ\n2.ㄐ｜ㄚˇ,1.夏季、夏\n代、夏屋、\n夏布、夏\n至、姓（如\n宋代有夏\n珪）\n2.夏楚,,,
5,0503,多,ㄉㄨㄛ,,,,
6,*0504,夜,｜ㄝˋ,,,,
7,*0505,夢,ㄇㄥˋ,,,,
8,0506,大,1.ㄉㄚˋ\n2.ㄉㄞˋ,1.大小、大夫\n（官名）\n2.大夫（醫\n生）,,通「太」時，\n音ㄊㄞˋ。,
9,0507,夫,1.ㄈㄨ\n2.ㄈㄨˊ,1.匹夫、夫人\n2.夫差（人。\n春秋時吳名\n王）、「夫\n人不言，言\n必有中。」\n（論語‧先\n進）,,,
10,0508,太,ㄊㄞˋ,,,,
11,0509,夭,｜ㄠ,,,,
12,*0510,央,｜ㄤ,,,,
13,*0511,失,ㄕ,,,,
14,0512,夾,ㄐ｜ㄚˊ,,,,
0,0513,奔,ㄅㄣ,,,,
1,0514,奉,ㄈㄥˋ,奉命、自奉儉\n樸 、 奉 公 守\n法、朝奉、奉\n養 、 奉 為 圭\n臬、奉天承運,,通「捧」時，\n音ㄆㄥˇ。,
2,0515,奇,1.ㄑ｜ˊ\n2.ㄐ｜,1.奇怪、奇門\n遁甲、傳\n奇、奇裝異\n服、奇經八\n脈、奇貨可\n居\n2.奇數、奇\n拜、奇利、\n奇贏,,,
3,0516,奄,1.｜ㄢˇ\n2.｜ㄢ,1.奄國、奄\n忽、「奄有\n四方。」（詩\n經‧大雅‧\n皇矣）\n2.奄人（宦\n官）、奄奄\n一息,,,
4,0517,契,1.ㄑ｜ˋ\n2.ㄒ｜ㄝˋ\n(限讀),1.契約、契\n丹、契合、\n契臂以盟,2.限於當虞\n舜臣名時，\n音ㄒ｜ㄝ\nˋ。,,
5,0518,奎,ㄎㄨㄟˊ,,,,
6,0519,奓,ㄓㄚ,「 神 農 隱 几\n闔戶晝暝，\n荷 甘 日 中 奓\n戶 而 入 。 」\n（莊子‧知北\n遊）,,通「侈」時，\n音ㄔˇ。,
7,0520,奘,ㄗㄤˋ,,,,
8,*0521,奠,ㄉ｜ㄢˋ,,,,
0,0522,奧,ㄠˋ,,,,
1,0523,奰,ㄅㄟˋ,,,,
2,0524,奲,ㄔㄜˇ,,,,
3,0525,女,1.ㄋㄩˇ\n2.ㄋㄩˋ,1.女兒、美女\n2.「以女女\n之。」,,通「汝」時，\n音ㄖㄨˇ。,文 言 動 詞 音\nㄋㄩˋ。
4,0526,妃,ㄈㄟ,貴妃、嬪妃、\n太子妃,,通「配」時，\n音ㄆㄟˋ。,
5,0527,好,1.ㄏㄠˇ\n2.ㄏㄠˋ,1.好朋友、好\n人好事\n2.投其所\n好、好學不\n倦,,,
6,0528,她,ㄊㄚ,她們,,通「伊」時，\n音｜。,
7,*0529,如,ㄖㄨˊ,,,,
8,0530,妁,ㄕㄨㄛˋ,,,,
9,0531,妨,ㄈㄤˊ,,,,
10,*0532,妞,ㄋ｜ㄡ,,,,
11,0533,妣,ㄅ｜ˇ,,,,
12,0534,妊,ㄖㄣˋ,,,,
13,*0535,妗,ㄐ｜ㄣˋ,,,,
14,0536,妻,1.ㄑ｜\n2.ㄑ｜ˋ,1.妻子、夫妻\n2.「以女妻\n之。」,,,文 言 動 詞 音\nㄑ｜ˋ。
15,0537,委,1.ㄨㄟˇ\n2.ㄨㄟ,1.原委、委\n託、委員、\n委曲求全\n2.委蛇,,,
16,0538,姏,ㄇㄢˊ,,,,
17,0539,姆,ㄇㄨˇ,,,,
18,0540,妲,ㄉㄚˊ,,,,
19,*0541,姐,ㄐ｜ㄝˇ,,,,
0,0542,妯,ㄓㄡˊ,,,,
1,0543,姎,｜ㄤ,,,,
2,0544,姍,ㄕㄢ,,,,
3,0545,始,ㄕˇ,,,,
4,0546,妳,1.ㄋㄞˇ\n2.ㄋ｜ˇ,1.「嬭」的異\n體字\n2.「妳怎麼來\n了？」,,,
5,0547,姊,ㄗˇ,兄弟姊妹,,「姊姊」一詞\n通「姐姐」，\n音 ㄐ ｜ ㄝ\nˇ‧ㄐ｜ㄝ。,
6,0548,姣,1.ㄐ｜ㄠˇ\n2.ㄒ｜ㄠˊ,1.姣好\n2.「棄味而\n姣，不可謂\n貞。」（左\n傳‧襄公九\n年）,,,
7,0549,姥,1.ㄇㄨˇ\n2.ㄌㄠˇ,1.公姥、天姥\n山\n2.姥姥,,,
8,0550,姼,ㄔˇ,,,,
9,0551,姝,ㄕㄨ,,,,
10,0552,姽,ㄍㄨㄟˇ,,,,
11,*0553,姺,ㄒ｜ㄢˇ,,,,
12,0554,姡,ㄏㄨㄛˊ,,,,
13,0555,姘,ㄆ｜ㄣ,,,,
14,*0556,姬,ㄐ｜,,,,
15,*0557,娑,ㄙㄨㄛ,,,,
16,0558,娘,ㄋ｜ㄤˊ,,,,
17,0559,娓,ㄨㄟˇ,,,,
0,0560,娜,1.ㄋㄨㄛˊ\n2.ㄋㄚˋ\n(限讀),1.婀娜、裊娜,2.限於當人\n名譯音時，\n音ㄋㄚˋ。\n如：「莉\n娜」、「安\n娜」。,,
1,0561,娠,ㄕㄣ,,,,
2,0562,娟,ㄐㄩㄢ,,,,
3,*0563,娉,ㄆ｜ㄥ,,,,
4,*0564,娭,ㄒ｜,,,,
5,0565,娩,1.ㄨㄢˇ\n2.ㄇ｜ㄢˇ,1.婉娩、娩澤\n2.分娩,,,
6,0566,娶,ㄑㄩˇ,,,,
7,0567,婁,1.ㄌㄡˊ\n2.ㄌㄩˇ,1.婁縣、離婁\n（孟子篇\n名）、姓（如\n漢代有婁\n敬）\n2.卷婁、「牛\n馬維婁。」\n（公羊傳‧\n昭公二十五\n年）,,,
8,*0568,婘,ㄑㄩㄢˊ,,,,
9,*0569,婗,ㄋ｜ˊ,,,,
10,0570,婢,ㄅ｜ˋ,,,,
11,0571,媒,ㄇㄟˊ,,,,
12,*0572,媞,ㄊ｜ˊ,,,,
13,0573,婼,ㄖㄨㄛˋ,,,,
14,0574,媛,ㄩㄢˊ,,,,
15,0575,媕,ㄢ,,,,
16,0576,媮,ㄊㄡ,媮生、媮居,,通「愉」時，\n音ㄩˊ。,
0,0577,媻,ㄆㄢˊ,媻姍,,通「婆娑」之\n「婆」時，音\nㄆㄛˊ。,
1,0578,嫇,ㄇ｜ㄥˊ,,,,
2,*0579,媽,ㄇㄚ,,,,
3,0580,嫖,1.ㄆ｜ㄠˊ\n2.ㄆ｜ㄠ,1.嫖妓、吃喝\n嫖賭\n2.嫖姚、嫖疾,,,
4,*0581,嫚,ㄇㄢˋ,,,,
5,0582,嬈,ㄖㄠˊ,,,,
6,*0583,嬉,ㄒ｜,,,,
7,0584,嫽,ㄌ｜ㄠˊ,,,,
8,0585,嬛,ㄒㄩㄢ,嬛佞、便嬛,,通「鬟」時，\n音ㄏㄨㄢˊ。,
9,*0586,嬐,｜ㄢˇ,,,,
10,*0587,嬭,ㄋㄞˇ,,,,
11,0588,嬥,ㄊ｜ㄠˋ,,,,
12,0589,孃,ㄋ｜ㄤˊ,,,,
13,*0590,孅,ㄒ｜ㄢ,,,,
14,0591,孌,ㄌㄨㄢˊ,,,,
15,*0592,孋,ㄌ｜ˊ,,,,
16,0593,子,ㄗˇ,,,,
17,0594,孓,ㄐㄩㄝˊ,,,,
18,0595,孛,ㄅㄛˊ,,,,
19,0596,孚,ㄈㄨˊ,,,,
20,0597,孟,ㄇㄥˋ,,,,
21,0598,孫,ㄙㄨㄣ,孫子、姓（如\n戰 國 時 齊 國\n有孫臏）,,通「遜」時，\n音ㄒㄩㄣˋ。,
22,0599,孱,ㄔㄢˊ,,,,
23,0600,孳,ㄗ,,,,
24,0601,學,ㄒㄩㄝˊ,,,,
0,0602,孺,ㄖㄨˊ,,,,
1,0603,孿,ㄌㄨㄢˊ,,,,ㄌ ㄩ ㄢ ˊ 音\n較難發音，依\n今 日 口 語 及\n大陸資料，併\n讀為\nㄌㄨㄢˊ。
2,0604,它,ㄊㄚ,它們、「它山\n之石。」（詩\n經‧小雅‧鶴\n鳴）,,通「蛇」時，\n音ㄕㄜˊ。,凡 第 三 人 稱\n「 他 」 、\n「 她 」 、\n「牠」、「它」\n皆音\nㄊㄚ。
3,0605,守,ㄕㄡˇ,,,,
4,0606,宅,ㄓㄞˊ,,,,
5,0607,宓,1.ㄇ｜ˋ\n2.ㄈㄨˊ,1.靜宓\n2.姓（如春秋\n時魯國有宓\n不齊）,,,
6,0608,宛,1.ㄨㄢˇ\n2.ㄩㄢ,1.宛平縣、宛\n延、宛如、\n宛轉、「宛\n在水中坻。」\n（詩經‧秦\n風‧蒹葭）\n2.大宛（漢代\n西域國\n名）、宛馬\n（大宛產的\n馬）,,,
7,0609,害,ㄏㄞˋ,要害、害怕、\n害蟲,,通「曷」時，\n音ㄏㄜˊ。,
0,0610,家,1.ㄐ｜ㄚ\n2.ㄍㄨ,1.家庭、農\n家、咱家、\n扮家家酒\n2.曹大家,,,
1,0611,宿,1.ㄙㄨˋ\n2.ㄒ｜ㄡˋ\n3.ㄒ｜ㄡˇ,1.宿舍、宿\n命、宿願、\n住宿\n2.星宿\n3.一宿、整宿,,,
2,0612,寖,ㄐ｜ㄣˋ,,,,
3,*0613,寘,ㄓˋ,,,,
4,*0614,,ㄋ｜ㄥˋ,,,,
5,0615,寧,1.ㄋ｜ㄥˊ\n2.ㄋ｜ㄥˋ,1.寧可、寧\n願、安寧\n2.姓（如春秋\n時韓國有寧\n戚）,,,
6,0616,寫,ㄒ｜ㄝˇ,,,,
7,*0617,寰,ㄏㄨㄢˊ,,,,
8,0618,射,1.ㄕㄜˋ\n2.｜ㄝˋ\n3.｜ˋ\n(限讀),1.射擊、投射\n2.射干、僕\n射、姑射（山\n名）,3.限於「無\n射」一詞音\n｜ˋ。,,
9,0619,尉,1.ㄨㄟˋ\n2.ㄩˋ,1.廷尉、少尉\n2.尉遲（複\n姓）,,,
0,0620,將,1.ㄐ｜ㄤ\n2.ㄐ｜ㄤˋ\n3.ㄑ｜ㄤ,1.將軍、將\n就、打將下\n去、將近、\n將功贖罪、\n將信將疑\n2.勇將、上\n將、將兵\n3.將將（狀聲\n詞）、「將\n子無怒，秋\n以為期。」\n（詩經‧衛\n風‧氓）,,,
1,0621,尋,ㄒㄩㄣˊ,,,,
2,0622,導,ㄉㄠˇ,,,,
3,0623,少,1.ㄕㄠˇ\n2.ㄕㄠˋ,1.缺少、少頃\n2.少傅、少\n尉、少年、\n「少壯不努\n力，老大徒\n傷悲。」,,,
4,0624,尨,1.ㄇㄤˊ\n2.ㄇㄥˊ,1.無使尨\n也吠。（詩\n經‧周南‧\n野有死）\n2.尨茸,,通「龐」時，\n音ㄆㄤˊ。,
5,0625,尬,ㄍㄚˋ,,,,
6,0626,尷,ㄍㄢ,,,,
7,0627,尺,1.ㄔˇ\n2.ㄔㄜˇ\n(限讀),1.公尺、皮\n尺、鎮尺、\n尺寸,2.限於「工\n尺」一詞音\nㄔㄜˇ。,,
8,0628,尼,ㄋ｜ˊ,,,,
9,0629,尿,ㄋ｜ㄠˋ,,,,
10,0630,尾,ㄨㄟˇ,,,,
0,0631,居,ㄐㄩ,,,,
1,*0632,屈,ㄑㄩ,,,,
2,0633,屎,1.ㄕˇ\n2.ㄒ｜\n(限讀),1.屎尿,2.限於「殿\n屎」一詞音\nㄒ｜。,,
3,0634,屏,1.ㄆ｜ㄥˊ\n2.ㄅ｜ㄥˇ,1.屏風、屏\n東、屏障\n2.屏除、屏息,,,
4,0635,屠,ㄊㄨˊ,,,,
5,0636,屢,ㄌㄩˇ,,,,
6,0637,屣,ㄒ｜ˇ,,,,
7,0638,層,ㄘㄥˊ,,,,
8,*0639,屧,ㄒ｜ㄝˋ,,,,
9,0640,履,ㄌㄩˇ,,,,
10,*0641,屩,ㄐㄩㄝˊ,,,,
11,0642,屬,1.ㄕㄨˇ\n2.ㄓㄨˇ,1.親屬、金\n屬、部屬、\n屬於\n2.屬託、屬文,,,
12,0643,屯,1.ㄊㄨㄣˊ\n2.ㄓㄨㄣ\n3.ㄔㄨㄣˊ\n(限讀),1.屯兵、屯\n積、小屯村\n2.屯卦、屯\n窒、屯邅,3.限於「屯\n留」（山西\n省縣名）一\n詞音ㄔㄨㄣ\nˊ。,,
13,0644,岔,ㄔㄚˋ,,,,
14,0645,岡,ㄍㄤ,,,,
15,0646,岨,ㄐㄩ,,,,
16,0647,岫,ㄒ｜ㄡˋ,,,,
17,0648,岝,ㄗㄨㄛˊ,,,,
18,0649,岣,ㄍㄡˇ,,,,
0,0650,峒,1.ㄊㄨㄥˊ\n2.ㄉㄨㄥˋ,1.崆峒\n2.苗峒、大龍\n峒,,,
1,0651,峞,ㄨㄟˊ,,,,
2,0652,峻,ㄐㄩㄣˋ,,,,
3,*0653,崒,ㄗㄨˊ,,,,
4,0654,崛,ㄐㄩㄝˊ,,,,
5,0655,崋,ㄏㄨㄚˋ,,,,
6,0656,崚,ㄌㄥˊ,崚嶒,,,
7,0657,崎,ㄑ｜ˊ,,,,
8,0658,崦,｜ㄢ,,,,
9,0659,崢,ㄓㄥ,,,,
10,0660,崤,｜ㄠˊ,,,,
11,0661,崗,ㄍㄤˇ,崗位、崗哨、\n站崗,,通「岡」時，\n音ㄍㄤ。,
12,0662,嵌,1.ㄑ｜ㄢ\n2.ㄎㄢˇ\n(限讀),1.嵌金,2.限於「赤嵌\n樓」一詞音\nㄎㄢˇ。,,
13,0663,崽,ㄗㄞˇ,,,,
14,0664,嵇,ㄐ｜,,,,
15,*0665,嵯,ㄘㄨㄛˊ,,,,
16,*0666,嵬,ㄨㄟˊ,,,,
17,0667,嶄,ㄓㄢˇ,,,,
18,0668,嵽,ㄉ｜ㄝˊ,,,,
19,*0669,嶁,ㄌㄡˇ,,,,
20,*0670,嶙,ㄌ｜ㄣˊ,,,,
0,0671,嶡,1.ㄍㄨㄟˋ\n2.ㄐㄩㄝˊ,1.「嶡，山\n貌。」（集\n韻）\n2.「俎，夏后\n氏以嶡。」\n（禮記‧明\n堂位）,,,
1,0672,嶠,ㄐ｜ㄠˋ,,,,
2,0673,嶕,ㄐ｜ㄠ,,,,
3,*0674,嶮,ㄒ｜ㄢˇ,,,,
4,0675,嶨,ㄒㄩㄝˊ,,,,
5,0676,嶸,ㄖㄨㄥˊ,,,,
6,*0677,嶼,ㄩˇ,,,,
7,0678,嶷,1.｜ˊ\n2.ㄋ｜ˋ,1.九嶷山（在\n湖南省境）\n2.岐嶷、「其\n德嶷嶷。」\n（史記‧五\n帝本紀）,,,
8,0679,巀,ㄐ｜ㄝˊ,,,,
9,0680,巫,ㄨ,,,,
10,0681,差,1.ㄔㄚ\n2.ㄔㄞ\n3.ㄘ\n4.ㄘㄨㄛ\n(限讀),1.差數、差\n勁、差不多\n2.郵差、出\n差、夫差（人\n名。春秋時\n吳王）\n3.參差,4.限於「景\n差」（人\n名。戰國時\n楚人）一詞\n音\nㄘㄨㄛ。,,
11,0682,巽,ㄒㄩㄣˋ,,,,
12,0683,帆,ㄈㄢˊ,,,,
13,0684,帔,ㄆㄟˋ,,,,
14,*0685,帗,ㄈㄨˊ,,,,
15,0686,帖,ㄊ｜ㄝˇ,帖子、字帖、\n碑帖、一帖藥,,通「貼」時，\n音ㄊ｜ㄝ。,
0,0687,帕,ㄆㄚˋ,手帕、絲帕,,通「陌」時，\n音ㄇㄛˋ。,
1,0688,帑,ㄊㄤˇ,公帑、帑藏、\n「 虛 費 府\n帑 。 」 （ 漢\n書 ‧ 匈 奴 傳\n下）,,通「孥」時，\n音ㄋㄨˊ。,
2,0689,帥,ㄕㄨㄞˋ,,,,
3,*0690,帨,ㄕㄨㄟˋ,,,,
4,0691,帴,1.ㄐ｜ㄢˇ\n2.ㄘㄢˊ,1.「則是以為\n帴也。」（周\n禮‧冬官考\n工記‧鮑人）\n2.「帴，一曰\n婦人脅衣。」\n（說文）,,,
5,0692,幅,1.ㄈㄨˊ\n2.ㄅ｜,1.篇幅、邊\n幅、一幅字\n畫、幅員遼\n闊\n2.「綵布纏踍\n幅半斜，溪\n頭簇隊映葛\n花。」（唐‧\n李賀‧歌詩\n編二‧黃家\n洞詩）,,,
6,0693,幏,ㄐ｜ㄚˋ,,,,
7,0694,幎,ㄇ｜ˋ,,,,
8,0695,幕,ㄇㄨˋ,帳幕、幕僚、\n開幕,,通「漠」時，\n音ㄇㄛˋ。,
9,*0696,幓,ㄕㄣ,,,,
0,0697,幢,ㄔㄨㄤˊ,經幢、旌幢、\n「 殘 燈 無 焰\n影 幢 幢 。 」\n（唐‧元稹‧\n聞 白 樂 天 左\n降 江 州 司 馬\n詩）,,,
1,0698,幟,ㄓˋ,,,,
2,0699,幬,1.ㄉㄠˋ\n2.ㄔㄡˊ,1.「如天之無\n不幬也。」\n（左傳‧襄\n公二十九\n年）\n2.「夏日無幬\n帳。」（南\n史‧孫謙傳）,,,
3,0700,幪,ㄇㄥˊ,,,,
4,0701,平,1.ㄆ｜ㄥˊ\n2.ㄆ｜ㄢˊ\n(限讀),1.平常、平\n均、心平氣\n和、平上去\n入、填平、\n平章（官名）,2.限於「王道\n平平」一詞\n音ㄆ｜ㄢ\nˊ。,通「釆」時，\n音 ㄅ ｜ ㄢ\nˋ。如：「平\n章百姓」。,
5,0702,并,1.ㄅ｜ㄥˋ\n2.ㄅ｜ㄥ\n(限讀),1.并吞、并列,2.限於并州\n（州名）一\n詞音ㄅ｜\nㄥ。,,
6,*0703,年,ㄋ｜ㄢˊ,,,,
7,0704,幹,1.ㄍㄢˋ\n2.ㄏㄢˊ\n(限讀),1.軀幹、樹\n幹、埋頭苦\n幹,2.限於「井\n幹」一詞音\nㄏㄢˊ。,,
8,*0705,幼,｜ㄡˋ,,,,
0,0706,幾,1.ㄐ｜ˇ\n2.ㄐ｜,1.幾何學、\n「他才十幾\n歲。」\n2.庶幾、幾\n乎、「天之\n降罔，維其\n幾矣！」\n（詩經‧大\n雅‧瞻卬）,,,
1,0707,,｜ㄢˇ,,,,
2,0708,庋,ㄐ｜ˇ,,,,
3,0709,庌,｜ㄚˇ,,,,
4,0710,庉,ㄉㄨㄣˋ,,,,
5,0711,底,ㄉ｜ˇ,鞋底、底下、\n底薪、月底、\n底片、底棲生\n物,,通「的」（\n‧ㄉㄜ）時，\n音‧ㄉㄜ。,
6,0712,度,1.ㄉㄨˋ\n2.ㄉㄨㄛˋ,1.制度、態\n度、梅開二\n度、置之度\n外、角度、\n度日如年、\n「猶度江\n河，亡維\n楫。」（漢\n書‧賈誼傳）\n2.忖度、量\n度、度長絜\n大、「神之\n格思，不可\n度思。」（詩\n經‧大雅‧\n抑）,,,
7,0713,庫,ㄎㄨˋ,,,,
8,0714,庨,ㄒ｜ㄠ,,,,
0,0715,庮,｜ㄡˇ,,,,
1,0716,庬,ㄇㄤˊ,,,,
2,0717,庭,ㄊ｜ㄥˊ,,,,
3,*0718,康,ㄎㄤ,,,,
4,0719,庸,ㄩㄥ,,,,
5,0720,庱,ㄔㄥ,,,,
6,*0721,庶,ㄕㄨˋ,,,,
7,0722,庹,ㄊㄨㄛˇ,,,,
8,0723,庳,1.ㄅ｜ˋ\n2.ㄅㄟ,1.有庳（古地\n名。故址在\n今湖南省\n境）、「宮\n室卑庳。」\n（左傳‧襄\n公三十一\n年）\n2.「其民豐而\n庳。」（周\n禮‧地官‧\n大司徒）、\n「楚民俗好\n庳車。」（史\n記‧循吏\n傳‧孫叔敖\n傳）,,,
9,0724,廁,ㄘㄜˋ,,,,
10,0725,廌,ㄓˋ,,,,
11,0726,廈,ㄒ｜ㄚˋ,,,,
12,*0727,廋,ㄙㄡ,,,,
13,*0728,廆,ㄍㄨㄟ,,,,
14,0729,廑,ㄐ｜ㄣˇ,,,,
15,*0730,廖,ㄌ｜ㄠˋ,,,,
16,*0731,廎,ㄑ｜ㄥˇ,,,,
17,0732,廙,｜ˋ,,,,
0,*0733,廣,ㄍㄨㄤˇ,,,,
1,*0734,廞,ㄑ｜ㄣ,,,,
2,*0735,廡,ㄨˇ,,,,
3,0736,廦,ㄅ｜ˋ,,,,
4,0737,廨,ㄒ｜ㄝˋ,,,,
5,*0738,龐,ㄆㄤˊ,,,,
6,0739,廬,ㄌㄨˊ,,,,
7,0740,廷,ㄊ｜ㄥˊ,,,,
8,0741,弁,1.ㄅ｜ㄢˋ\n2.ㄆㄢˊ\n(限讀),1.弁言、皮\n弁、馬弁,2.限於「小\n弁」（詩經\n篇名）一詞\n音ㄆㄢˊ。,,
9,*0742,异,｜ˋ,,,,
10,0743,弄,1.ㄋㄨㄥˋ\n2.ㄌㄨㄥˋ\n(限讀),1.弄笛、戲\n弄、玩弄,2.限於「巷\n弄」一詞音\nㄌㄨㄥˋ。,,
11,0744,弅,ㄈㄣˊ,,,,
12,*0745,弇,｜ㄢˇ,,,,
13,*0746,弊,ㄅ｜ˋ,,,,
14,*0747,式,ㄕˋ,,,,
15,0748,弔,ㄉ｜ㄠˋ,,,,
16,*0749,引,｜ㄣˇ,,,,
17,*0750,弗,ㄈㄨˊ,,,,
18,0751,弛,ㄔˊ,,,,
19,0752,弟,ㄉ｜ˋ,弟弟、小老弟,,通「悌」時，\n音ㄊ｜ˋ。,
20,*0753,弧,ㄏㄨˊ,,,,
21,*0754,弮,ㄑㄩㄢ,,,,
22,0755,張,ㄓㄤ,,,,
0,0756,強,1.ㄑ｜ㄤˊ\n2.ㄑ｜ㄤˇ\n3.ㄐ｜ㄤˋ,1.強壯、強\n身、弱肉強\n食、強盜、\n強權政治\n2.強迫、勉強\n3.倔強,,,硬 要 、 迫 使\n義，音\nㄑ｜ㄤˇ；有\n力、健壯義，\n音ㄑ｜ㄤˊ。
1,0757,弸,ㄆㄥˊ,,,,
2,*0758,彀,ㄍㄡˋ,,,,
3,0759,彆,ㄅ｜ㄝˋ,,,,
4,0760,彉,ㄎㄨㄛˋ,,,,
5,0761,彈,1.ㄉㄢˋ\n2.ㄊㄢˊ,1.彈弓、炸\n彈、彈道飛\n彈、彈子\n房、彈盡援\n絕\n2.彈性、彈\n劾、彈腿、\n彈簧床,,,
6,0762,彊,1.ㄑ｜ㄤˊ\n2.ㄑ｜ㄤˇ\n3.ㄐ｜ㄤˋ,1.彊禦、彊\n梁、彊弩之\n末\n2.勉彊、彊顏\n歡笑\n3.彊顏為盜,,,
7,0763,彌,ㄇ｜ˊ,彌封、彌月之\n喜、彌勒佛、\n望彌撒,,,
8,0764,彗,ㄏㄨㄟˋ,,,,
9,0765,彙,ㄏㄨㄟˋ,,,,
10,0766,彭,ㄆㄥˊ,彭城、姓（如\n漢代有彭越）,,,
11,0767,彯,ㄆ｜ㄠ,彯搖、彯帶,,,
12,0768,彴,1.ㄓㄨㄛˊ\n2.ㄅㄛˊ,1.略彴\n2.彴約,,,
0,0769,彷,1.ㄆㄤˊ\n2.ㄈㄤˇ,1.彷徨、彷徉\n2.彷彿,,,
1,0770,待,1.ㄉㄞˋ\n2.ㄉㄞ,1.對待、待\n遇、坐以待\n斃、待人接\n物\n2.待不住、待\n會兒,,,
2,0771,徊,ㄏㄨㄞˊ,,,,
3,0772,徇,ㄒㄩㄣˋ,,,,
4,0773,徠,1.ㄌㄞˊ\n2.ㄌㄞˋ,1.招徠、徂徠\n山（在山東\n省泰安縣東\n南）\n2.勞徠,,,
5,0774,得,1.ㄉㄜˊ\n2.ㄉㄟˇ\n3.‧ㄉㄜ,1.得到、得意\n2.總得、「這\n事得虧他幫\n忙。」、「他\n病了，我得\n去看看！」\n3.飛得高、跳\n得遠,,,
6,0775,從,1.ㄘㄨㄥˊ\n2.ㄗㄨㄥˋ\n3.ㄘㄨㄥ\n(限讀)\n4.ㄗㄨㄥ\n(限讀),1.跟從、順\n從、力不從\n心、言聽計\n從、從前\n2.侍從、從\n犯、從兄弟,3.限於「從\n容」一詞音\nㄘㄨㄥ。\n4.限於「從\n橫」一詞音\nㄗㄨㄥ。,,
7,0776,徘,ㄆㄞˊ,,,,
8,0777,御,ㄩˋ,,,,
9,0778,,ㄅ｜ㄢˋ,,,,
10,0779,徦,ㄐ｜ㄚˇ,,,,
0,0780,復,ㄈㄨˋ,,,,
1,0781,徬,ㄆㄤˊ,徬徨,,通「傍」時，\n音ㄅㄤˋ，依\n附也。,
2,0782,微,ㄨㄟˊ,,,,
3,0783,徯,ㄒ｜,,,,
4,0784,徵,1.ㄓㄥ\n2.ㄓˇ\n(限讀),1.徵兆、徵\n召、應徵、\n徵稅、徵信\n社,2.限於「宮商\n角徵羽」之\n「徵」，音\nㄓˇ。,,
5,0785,徼,1.ㄐ｜ㄠˋ\n2.ㄐ｜ㄠ,1.徼外、徼循\n2.「惡徼以為\n知者。」（論\n語‧陽貨）,,通「僥倖」之\n「僥」時，音\nㄐ｜ㄠˇ。,
6,0786,忘,ㄨㄤˋ,,,,
7,0787,忕,ㄕˋ,「 小 廉 而 苛\n忕 。 」 （ 管\n子‧小匡）、\n「忕邪臣。」\n（史記‧漢興\n以 來 諸 侯 王\n年表）,,通「」時，\n音ㄊㄞˋ。,
8,0788,忔,1.ㄑ｜ˋ\n2.｜ˋ,1.「棄為兒\n時，忔如巨\n人之志。」\n（史記‧周\n本紀）\n2.「數忔食\n飲。」（史\n記‧倉公傳）,,,
0,0789,忒,1.ㄊㄜˋ\n2.ㄊㄜ,1.欺人忒\n甚、「四時\n不忒。」（易\n經‧豫卦）\n2.忒愣愣、忒\n兒的,,,
1,*0790,忍,ㄖㄣˇ,,,,
2,0791,忨,ㄨㄢˊ,,,,
3,0792,忸,ㄋ｜ㄡˇ,,,,
4,0793,忮,ㄓˋ,,,,
5,0794,忤,ㄨˇ,,,,
6,0795,忯,ㄑ｜ˊ,,,,
7,*0796,忳,ㄊㄨㄣˊ,,,,
8,0797,忪,1.ㄓㄨㄥ\n2.ㄙㄨㄥ,1.怔忪\n2.惺忪,,,
9,0798,忝,ㄊ｜ㄢˇ,,,,
10,0799,怫,ㄈㄨˊ,怫鬱、怫然,,通「悖」時，\n音ㄅㄟˋ。,
11,0800,怔,ㄓㄥ,怔忡、怔忪,,通「愣」時，\n音ㄌㄥˋ。,
12,0801,怲,ㄅ｜ㄥˇ,,,,
13,0802,怯,ㄑㄩㄝˋ,,,,
14,*0803,怵,ㄔㄨˋ,,,,
15,0804,怖,ㄅㄨˋ,,,,
16,*0805,怚,ㄐㄩˋ,,,,
17,0806,怛,ㄉㄚˊ,,,,
18,*0807,怞,ㄔㄡˊ,,,,
19,0808,怏,｜ㄤˋ,,,,
20,0809,怗,ㄓㄢ,,,,
21,*0810,怢,ㄊㄨˊ,,,,
22,*0811,怍,ㄗㄨㄛˋ,,,,
23,0812,怐,ㄍㄡˋ,,,,
0,0813,怕,ㄆㄚˋ,,,,
1,0814,怮,｜ㄡ,,,,
2,0815,怜,ㄌ｜ㄥˊ,怜俐,,通「憐」時，\n音ㄌ｜ㄢˊ。,
3,0816,思,1.ㄙ\n2.ㄙㄞ\n(限讀),1.思考、相\n思、文思泉\n湧、思慕、\n思前想後,2.限於「于\n思」一詞音\nㄙㄞ。,,
4,*0817,怠,ㄉㄞˋ,,,,
5,0818,怨,ㄩㄢˋ,,,,
6,0819,怎,ㄗㄣˇ,,,,
7,0820,怒,ㄋㄨˋ,,,,
8,*0821,恔,ㄒ｜ㄠˋ,,,,
9,*0822,恃,ㄕˋ,,,,
10,0823,恉,ㄓˇ,,,,
11,0824,恢,ㄏㄨㄟ,,,,
12,*0825,恆,ㄏㄥˊ,,,,
13,0826,恫,1.ㄊㄨㄥ\n2.ㄉㄨㄥˋ,1.哀恫、恫瘝\n2.恫嚇,,,
14,*0827,恌,ㄊ｜ㄠ,,,,
15,0828,恀,ㄔˇ,,,,
16,*0829,恂,ㄒㄩㄣˊ,,,,
17,0830,恪,ㄎㄜˋ,,,,
18,0831,恣,ㄗˋ,,,,
19,0832,恝,ㄐ｜ㄚˊ,,,,
20,0833,恚,ㄏㄨㄟˋ,,,,
21,*0834,恐,ㄎㄨㄥˇ,,,,
0,0835,恁,ㄖㄣˋ,「 宜 亦 勸 恁\n旅力。」（後\n漢 書 ‧ 班 固\n傳）、「你恁\n時幼小，認我\n不得。」（五\n代史平話‧梁\n史‧卷上）、\n「 生 死 人 常\n理 如 何 恁 怕\n怯？」（金‧\n董解元‧西廂\n記諸宮調）,,通「您」時，\n音ㄋ｜ㄣˊ。,
1,*0836,悢,ㄌ｜ㄤˋ,,,,
2,0837,悌,ㄊ｜ˋ,,,,
3,*0838,悈,ㄐ｜ㄝˋ,,,,
4,0839,悖,ㄅㄟˋ,並行不悖、悖\n慢、悖逆,,通「勃」時，\n音ㄅㄛˊ。,
5,0840,悚,ㄙㄨㄥˇ,,,,
6,0841,悝,ㄎㄨㄟ,,,,
7,0842,悁,ㄐㄩㄢˋ,,,,
8,*0843,悛,ㄑㄩㄢ,,,,
9,0844,悔,ㄏㄨㄟˇ,,,,
10,0845,悗,ㄇㄢˊ,,,,
11,0846,悇,ㄊㄨˊ,,,,
12,0847,悠,｜ㄡ,,,,
13,0848,悹,ㄍㄨㄢˇ,,,,
14,0849,悾,ㄎㄨㄥ,悾悾、悾款,,通「倥傯」之\n「倥」時，音\nㄎㄨㄥˇ。,
15,0850,惇,ㄉㄨㄣ,,,,
16,0851,悴,ㄘㄨㄟˋ,,,,
17,*0852,惓,ㄑㄩㄢˊ,,,,
18,0853,惔,ㄊㄢˊ,,,,
0,*0854,惙,ㄔㄨㄛˋ,,,,
1,*0855,悽,ㄑ｜,,,,
2,0856,惏,ㄌㄢˊ,,,,
3,0857,惝,ㄔㄤˇ,,,,
4,0858,惆,ㄔㄡˊ,,,,
5,0859,惛,ㄏㄨㄣ,,,,
6,0860,惀,ㄌㄨㄣˊ,,,,
7,*0861,惢,ㄙㄨㄛˇ,,,,
8,0862,悶,1.ㄇㄣˋ\n2.ㄇㄣ,1.煩悶、悶得\n慌\n2.悶熱、悶\n飯、悶得慌,,,心 裡 煩 悶 音\nㄇㄣˋ；被罩\n住 的 意 思 音\nㄇㄣ。
9,0863,惡,1.ㄜˋ\n2.ㄜˇ\n3.ㄨˋ\n4.ㄨ,1.罪惡、惡化\n2.惡心\n3.羞惡、交\n惡、可惡、\n厭惡\n4.「惡！是何\n言也？」\n（孟子‧公\n孫丑下）,,,
10,*0864,意,｜ˋ,,,,
11,0865,惲,ㄩㄣˋ,,,,
12,*0866,愖,ㄔㄣˊ,,,,
13,0867,愓,ㄕㄤ,,,,
14,0868,惺,ㄒ｜ㄥ,,,,
15,0869,愒,ㄎㄞˋ,,,,
16,*0870,愕,ㄜˋ,,,,
17,0871,愣,ㄌㄥˋ,,,,
18,*0872,惴,ㄓㄨㄟˋ,,,,
19,0873,惾,ㄗㄨㄥ,,,,
20,0874,愀,ㄑ｜ㄠˇ,,,,
0,*0875,惶,ㄏㄨㄤˊ,,,,
1,*0876,愉,ㄩˊ,,,,
2,0877,感,ㄍㄢˇ,,,,
3,0878,愁,ㄔㄡˊ,,,,
4,*0879,愈,ㄩˋ,,,,
5,0880,慨,ㄎㄞˇ,,,,
6,0881,慊,1.ㄑ｜ㄢˋ\n2.ㄑ｜ㄝˋ,1.「彼以其\n爵，我以無\n義，吾何慊\n乎哉？」\n（孟子‧公\n孫丑下）\n2.「盡去而後\n慊。」（莊\n子‧天運）,,,
7,0882,慅,ㄘㄠˇ,「憂心慅\n兮。」（詩\n經‧陳風‧月\n出）,,通「騷」時，\n音ㄙㄠ。,
8,0883,慌,ㄏㄨㄤ,,,,
9,*0884,慍,ㄩㄣˋ,,,,
10,0885,愾,ㄎㄞˋ,,,,
11,*0886,愴,ㄔㄨㄤˋ,,,,
12,0887,慷,ㄎㄤ,,,,
13,0888,慵,ㄩㄥ,,,,
14,0889,慒,1.ㄘㄨㄥˊ\n2.ㄗㄠ,1.「慒，謀\n也。」（廣\n韻）\n2.「慒，亂\n也。」（玉\n篇）,,,
15,0890,慓,ㄆ｜ㄠˋ,,,,
16,*0891,慬,ㄑ｜ㄣˊ,,,,
0,0892,慴,ㄓㄜˊ,,,,
1,0893,憀,ㄌ｜ㄠˊ,,,,
2,*0894,慺,ㄌㄡˊ,,,,
3,0895,慔,ㄇㄨˋ,,,,
4,0896,慘,ㄘㄢˇ,,,,
5,0897,慥,ㄗㄠˋ,,,,
6,0898,慟,ㄊㄨㄥˋ,,,,
7,*0899,慶,ㄑ｜ㄥˋ,,,,
8,0900,憃,ㄔㄨㄥ,,,,
9,0901,慹,ㄓˊ,,,,
10,*0902,慝,ㄊㄜˋ,,,,
11,*0903,憲,ㄒ｜ㄢˋ,,,,
12,0904,憧,ㄔㄨㄥ,憧憬、「憧憧\n往來。」（易\n經‧咸卦）、\n「愚憧而不\n逮事。」（史\n記‧三王世\n家）、戇憧,,,
13,0905,憐,ㄌ｜ㄢˊ,,,,
14,*0906,憪,ㄒ｜ㄢˊ,,,,
15,0907,憛,ㄊㄢˊ,,,,
16,0908,憭,ㄌ｜ㄠˊ,,,,
17,*0909,憚,ㄉㄢˋ,,,,
18,0910,憒,ㄎㄨㄟˋ,,,,
19,0911,憮,ㄨˇ,,,,
20,0912,憍,ㄐ｜ㄠ,,,,
21,*0913,憨,ㄏㄢ,,,,
22,*0914,憖,｜ㄣˋ,,,,
23,0915,憋,ㄅ｜ㄝ,,,,
24,0916,憊,ㄅㄟˋ,,,,
25,*0917,懍,ㄌ｜ㄣˇ,,,,
0,*0918,憾,ㄏㄢˋ,,,,
1,*0919,懆,ㄘㄠˇ,,,,
2,0920,,1.ㄋㄨㄥˊ\n2.ㄋㄠˊ\n(限讀),1.「，心亂\n也。」（集\n韻）,2.限於「懊\n」一詞音\nㄋㄠˊ。,,
3,0921,懅,ㄐㄩˋ,,,,
4,*0922,懁,ㄒㄩㄢ,,,,
5,0923,懈,ㄒ｜ㄝˋ,,,,
6,0924,憿,ㄐ｜ㄠˇ,,,,
7,0925,懊,ㄠˋ,,,,
8,0926,憸,ㄒ｜ㄢ,,,,
9,0927,應,1.｜ㄥ\n2.｜ㄥˋ,1.應該、應非\n難事\n2.應驗、應\n對、報應、\n姓（如三國\n時魏國有應\n瑒）,,,
10,0928,懋,ㄇㄠˋ,,,,
11,0929,憼,ㄐ｜ㄥˇ,,,,
12,0930,懣,ㄇㄣˋ,,,,
13,0931,懠,ㄑ｜ˊ,,,,
14,*0932,懦,ㄋㄨㄛˋ,,,,
15,0933,懞,ㄇㄥˊ,,,,
16,0934,懭,ㄎㄨㄤˇ,,,,
17,*0935,懮,｜ㄡˇ,,,,
18,*0936,懰,ㄌ｜ㄡˊ,,,,
19,*0937,懫,ㄓˋ,,,,
20,*0938,懶,ㄌㄢˇ,,,,
21,0939,懵,ㄇㄥˊ,,,,
22,0940,懾,ㄓㄜˊ,,,,
23,*0941,懽,ㄏㄨㄢ,,,,
0,0942,懿,｜ˋ,,,,
1,0943,戁,ㄋㄢˇ,,,,
2,*0944,戄,ㄐㄩㄝˊ,,,,
3,0945,戇,1.ㄓㄨㄤˋ\n2.ㄍㄤˋ\n(限讀),1.「悍戇好\n鬥。」（荀\n子‧大略）,2.限於「戇子\n頭」一詞音\nㄍㄤˋ。,,
4,0946,戊,ㄨˋ,,,,
5,0947,我,ㄨㄛˇ,,,,
6,*0948,或,ㄏㄨㄛˋ,,,,
7,*0949,戔,ㄐ｜ㄢ,,,,
8,*0950,戕,ㄑ｜ㄤˊ,,,,
9,0951,戚,ㄑ｜,,,,
10,0952,戣,ㄎㄨㄟˊ,,,,
11,*0953,戡,ㄎㄢ,,,,
12,0954,戧,ㄑ｜ㄤˋ,,,,
13,0955,戭,｜ㄣˇ,,,,
14,*0956,戮,ㄌㄨˋ,,,,
15,0957,戲,1.ㄒ｜ˋ\n2.ㄏㄨ\n(限讀),1.演戲、遊\n戲、戲水、\n戲弄,2.限於「於\n戲」一詞音\nㄏㄨ。,通「麾」時，\n音ㄏㄨㄟ。,
16,0958,戽,ㄏㄨˋ,,,,
17,0959,房,ㄈㄤˊ,,,,
18,0960,戾,ㄌ｜ˋ,,,,
19,0961,扃,ㄐㄩㄥ,,,,
20,0962,扁,1.ㄅ｜ㄢˇ\n2.ㄆ｜ㄢ\n(限讀),1.扁額、扁\n擔、扁平、\n扁食,2.限於「扁\n舟」一詞音\nㄆ｜ㄢ。,,
21,0963,扆,｜ˇ,,,,
22,0964,扇,1.ㄕㄢˋ\n2.ㄕㄢ,1.門扇、扇子\n2.扇風、扇惑,,,
0,0965,扎,1.ㄓㄚˊ\n2.ㄓㄚ,1.掙扎\n2.扎手、扎根,,,
1,0966,打,ㄉㄚˇ,,,,
2,*0967,扐,ㄌㄜˋ,,,,
3,0968,扔,ㄖㄥ,,,,
4,0969,扒,1.ㄅㄚ\n2.ㄆㄚˊ,1.扒衣服、扒\n拉算盤、扒\n住\n2.扒手、猪扒,,,
5,*0970,扞,ㄏㄢˋ,,,,
6,0971,扜,ㄩ,,,,
7,0972,扛,1.ㄍㄤ\n2.ㄎㄤˊ,1.扛鼎、扛桌\n子\n2.扛槍、「這\n件事情由我\n來扛。」,,,用雙手舉，音\nㄍㄤ；以肩\n挑，音ㄎㄤ\nˊ。
8,0973,扡,｜ˇ,,,,
9,0974,扤,ㄨˋ,,,,
10,0975,扠,1.ㄔㄚ\n2.ㄓㄚˇ,1.扠腰\n2.「這塊木板\n有三扠寬。」,,,
11,0976,扣,ㄎㄡˋ,,,,
12,0977,扢,1.ㄒ｜ˋ\n2.ㄍㄨˇ,1.「子路扢然\n執干而舞。」\n（莊子‧讓\n王）\n2.「扢嘉壇椒\n蘭芳。」（漢\n書‧禮樂志）,,,
13,*0978,承,ㄔㄥˊ,,,,
14,0979,抌,ㄓㄣˇ,,,,
15,0980,抆,ㄨㄣˋ,,,,
0,0981,扶,ㄈㄨˊ,扶助、攙扶、\n扶疏、扶搖、\n扶老攜幼,,通「匍」時，\n音ㄆㄨˊ。,
1,*0982,扭,ㄋ｜ㄡˇ,,,,
2,0983,把,1.ㄅㄚˇ\n2.ㄅㄚˋ,1.一把傘、火\n把、把柄、\n把持\n2.刀把、槍把,,,
3,*0984,批,ㄆ｜,,,,
4,*0985,找,ㄓㄠˇ,,,,
5,0986,扳,ㄅㄢ,,,,
6,0987,抇,ㄍㄨˇ,,,,
7,*0988,扱,ㄒ｜,,,,
8,*0989,投,ㄊㄡˊ,,,,
9,0990,折,1.ㄓㄜˊ\n2.ㄕㄜˊ\n3.ㄓㄜ,1.折扣、打\n折、挫折、\n百折不撓\n2.折本、「腿\n折了！」\n3.折騰、折跟\n頭,,,
10,0991,抓,1.ㄓㄨㄚ\n2.ㄔㄨㄚˇ\n(限讀),1.抓癢、抓住,2.限於「抓子\n兒」一詞音\nㄔㄨㄚˇ。,,
11,*0992,扮,ㄅㄢˋ,,,,
12,0993,抭,｜ㄠˇ,,,,
13,0994,拉,ㄌㄚ,,,,
14,0995,拌,ㄅㄢˋ,,,,
15,0996,抨,ㄆㄥ,,,,
16,0997,抿,ㄇ｜ㄣˇ,抿嘴,,,
17,0998,拂,ㄈㄨˊ,拂曉、拂拭、\n拂逆、吹拂、\n拂袖而去,,通「弼」時，\n音ㄅ｜ˋ。,
0,0999,抹,1.ㄇㄛˇ\n2.ㄇㄛˋ,1.抹布、塗抹\n2.拐彎抹\n角、抹頭、\n抹胸,,,
1,*1000,拒,ㄐㄩˋ,,,,
2,1001,抾,ㄑ｜ㄝˋ,,,,
3,1002,抴,｜ㄝˋ,,,,
4,1003,招,ㄓㄠ,,,,
5,1004,拓,1.ㄊㄨㄛˋ\n2.ㄊㄚˋ,1.拓荒、開\n拓、落拓、\n拓跋（複姓）\n2.拓碑、拓本,,通「摭」時，\n音ㄓˊ。,
6,*1005,拋,ㄆㄠ,,,,
7,1006,披,ㄆ｜,,,,
8,*1007,拔,ㄅㄚˊ,,,,
9,1008,拇,ㄇㄨˇ,,,,
10,1009,押,｜ㄚ,,,,
11,1010,拈,ㄋ｜ㄢˊ,拈取、拈花惹\n草、拈弄,,通「捻」時，\n音ㄋ｜ㄢˇ。,
12,*1011,拙,ㄓㄨㄛˊ,,,,
13,1012,拚,ㄆㄢˋ,,,,
14,*1013,抱,ㄅㄠˋ,,,,
15,1014,拖,ㄊㄨㄛ,,,,
16,1015,拘,ㄐㄩ,,,,
17,1016,拍,ㄆㄞ,,,,
18,1017,抵,ㄉ｜ˇ,抵銷、抵抗,,通「扺」時，\n音ㄓˇ。,
0,1018,拗,1.ㄠˋ\n2.ㄋ｜ㄡˋ\n3.ㄠˇ,1.拗口、拗\n句、「你和\n他拗些甚\n麼？」（儒\n林外史‧第\n一回）\n2.脾氣很拗\n3.拗花、「拗\n蓮作寸絲難\n絕。」（唐‧\n溫庭筠‧達\n摩支曲）,,,
1,1019,拆,ㄔㄞ,,,,
2,*1020,抮,ㄓㄣˇ,,,,
3,*1021,挈,ㄑ｜ㄝˋ,,,,
4,1022,拲,ㄍㄨㄥˇ,,,,
5,1023,挖,ㄨㄚ,,,,
6,1024,挑,1.ㄊ｜ㄠ\n2.ㄊ｜ㄠˇ,1.挑選、挑\n夫、挑剔、\n挑食、挑水\n2.挑撥、挑\n燈、挑戰、\n挑釁、挑逗,,,
7,1025,挂,ㄍㄨㄚˋ,,,,
8,*1026,拮,ㄐ｜ㄝˊ,,,,
9,*1027,指,ㄓˇ,,,,
10,1028,拽,ㄓㄨㄞˋ,,,,
11,1029,挏,ㄊㄨㄥˊ,,,,
12,1030,拸,ㄔˇ,,,,
13,1031,括,1.ㄍㄨㄚ\n2.ㄎㄨㄛˋ\n(限讀),,2.限於「括約\n肌」一詞音\nㄎㄨㄛˋ。,,
14,*1032,挌,ㄍㄜˊ,,,,
0,1033,拶,1.ㄗㄚˊ\n2.ㄗㄢˇ,1.「漰騰相排\n拶。」（唐‧\n韓愈‧雪詩）\n2.拶子、拶指,,,
1,*1034,拴,ㄕㄨㄢ,,,,
2,1035,拾,1.ㄕˊ\n2.ㄕㄜˋ\n(限讀),,2.限於「拾\n級」一詞音\nㄕㄜˋ。,,
3,1036,挐,ㄖㄨˊ,挐攫、挐來、\n紛挐,,通「拏」時，\n音ㄋㄚˊ。,
4,1037,拼,ㄆ｜ㄣ,,,,
5,1038,捖,ㄨㄢˊ,,,,
6,*1039,挲,ㄙㄨㄛ,,,,
7,1040,挩,ㄕㄨㄟˋ,「坐挩手，遂\n祭酒。」（儀\n禮‧鄉飲酒\n禮）,,通「脫」時，\n音ㄊㄨㄛ。,
8,1041,捄,ㄑ｜ㄡˊ,「有捄棘\n匕。」（詩經‧\n小雅‧大東）,,通「救」時，\n音ㄐ｜ㄡˋ。,
9,1042,捕,ㄅㄨˇ,,,,
10,1043,捂,ㄨˇ,,,,
0,1044,挾,ㄒ｜ㄚˊ,,,,ㄒ｜ㄝˊ、\nㄒ｜ㄚˊ切\n語相同，且從\n夾之字韻母\n多為「｜ㄚ\nˊ」，如:\n「夾」、「俠」\n等；另「挾帶」\n音ㄒ｜ㄚˊ\nㄉㄞˋ，因取\nㄒ｜ㄝˊ易\n與「鞋帶」\n混，故取\nㄒ｜ㄚˊ，不\n取ㄒ｜ㄝˊ。
1,1045,振,ㄓㄣˋ,,,,
2,1046,捎,1.ㄕㄠ\n2.ㄕㄠˋ,1.捎信、捎帶\n2.捎馬子、\n「雨捎進來\n了！」,,,
3,*1047,捍,ㄏㄢˋ,,,,
4,1048,捐,ㄐㄩㄢ,,,,
5,*1049,捌,ㄅㄚ,,,,
6,1050,捋,1.ㄌㄜˋ\n2.ㄌㄩˇ\n3.ㄌㄨㄛ,1.捋虎鬚\n2.捋鬍鬚\n3.捋袖子、捋\n臂捲袖、捋\n汗,,,
7,1051,捊,ㄆㄡˊ,,,,
8,1052,挼,ㄖㄨㄛˊ,,,,
9,1053,挫,ㄘㄨㄛˋ,,,,
10,1054,挨,ㄞ,挨得過、挨\n餓、挨打、挨\n近點,,,
0,1055,捘,ㄐㄩㄣˋ,,,,
1,*1056,捁,ㄐ｜ㄠˇ,,,,
2,1057,挺,ㄊ｜ㄥˇ,,,,
3,*1058,捔,ㄐㄩㄝˊ,,,,
4,*1059,掔,ㄑ｜ㄢ,,,,
5,*1060,捥,ㄨㄢˋ,,,,
6,*1061,控,ㄎㄨㄥˋ,,,,
7,1062,掊,1.ㄆㄡˊ\n2.ㄆㄡˇ,1.「君子以掊\n多益寡。」\n（易經‧謙\n卦）\n2.掊擊,,,
8,*1063,接,ㄐ｜ㄝ,,,,
9,*1064,捩,ㄌ｜ㄝˋ,,,,
10,1065,掠,ㄌㄩㄝˋ,,,,
11,1066,捽,ㄗㄨˊ,,,,
12,1067,探,ㄊㄢˋ,,,,
13,1068,掖,1.｜ㄝˋ\n2.｜ㄝ,1.掖門、掖縣\n（在山東\n省）、獎掖\n2.掖在懷裡,,,
14,*1069,捲,ㄐㄩㄢˇ,,,,
15,1070,掞,｜ㄢˋ,,,,
16,1071,掇,ㄉㄨㄛˊ,,,,
17,1072,掃,1.ㄙㄠˇ\n2.ㄙㄠˋ,1.掃地、掃興\n2.掃帚、掃把,,,
18,*1073,捷,ㄐ｜ㄝˊ,,,,
19,1074,捧,ㄆㄥˇ,,,,
20,1075,据,ㄐㄩ,拮据,,通「據」時，\n音ㄐㄩˋ。,
21,*1076,掘,ㄐㄩㄝˊ,,,,
22,*1077,掫,ㄗㄡ,,,,
0,1078,掝,ㄏㄨㄛˋ,,,,
1,1079,掗,1.｜ㄚˋ\n2.｜ㄚˇ,1.掗在袖\n內、掗緊\n2.「朱扉半\n掗。」（董\n西廂‧卷\n四）、「掗\n著金蘸斧，\n立馬在陣\n前。」（水\n滸傳‧第十\n三回）,,,
2,*1080,措,ㄘㄨㄛˋ,,,,
3,*1081,掩,｜ㄢˇ,,,,
4,*1082,捵,ㄔㄣ,,,,
5,1083,掉,ㄉ｜ㄠˋ,,,,
6,1084,掙,1.ㄓㄥ\n2.ㄓㄥˋ\n(限讀),1.掙扎、掙\n脫、掙面子,2.限於「掙\n錢」一詞音\nㄓㄥˋ。,,
7,1085,排,1.ㄆㄞˊ\n2.ㄆㄞˇ\n(限讀),1.排隊、牛\n排、排球、\n排斥、排\n除、排練、\n排山倒海,2.限於「排子\n車」一詞音\nㄆㄞˇ。,,
8,1086,捼,ㄖㄨㄛˊ,,,,
9,1087,掏,ㄊㄠ,,,,
10,1088,推,ㄊㄨㄟ,,,,
11,1089,掜,ㄋ｜ˇ,,,,
12,*1090,捭,ㄅㄞˇ,,,,
13,1091,捻,ㄋ｜ㄢˇ,捻匪、紙捻、\n捻線、捻鬍子,,通「捏」時，\n音ㄋ｜ㄝ。,
14,1092,掄,1.ㄌㄨㄣˊ\n2.ㄌㄨㄣ,1.掄才\n2.掄拳、掄刀,,,
15,*1093,掣,ㄔㄜˋ,,,,
0,1094,揥,ㄊ｜ˋ,,,,
1,*1095,揮,ㄏㄨㄟ,,,,
2,1096,揯,ㄍㄥˋ,,,,
3,*1097,揃,ㄐ｜ㄢˇ,,,,
4,*1098,揉,ㄖㄡˊ,,,,
5,1099,揆,ㄎㄨㄟˊ,,,,
6,1100,揵,1.ㄑ｜ㄢˊ\n2.ㄐ｜ㄢˋ,1.「揵鰭掉\n尾。」（漢\n書‧司馬相\n如傳）\n2.「夫外韄者\n不可繁而\n捉，將內\n揵。」（莊\n子‧庚桑楚）,,,
7,*1101,揳,ㄒ｜ㄝ,,,,
8,1102,揟,ㄒㄩ,,,,
9,1103,揲,ㄕㄜˊ,,,,
10,*1104,揩,ㄎㄞ,,,,
11,1105,提,1.ㄊ｜ˊ\n2.ㄕˊ,1.提名、提\n款、舊話重\n提、提神醒\n腦、提防、\n提議、提拔\n2.朱提（銀的\n別名）,,,
12,1106,揖,｜,作揖、揖讓,,通「輯」時，\n音ㄐ｜ˊ。,
0,1107,揭,1.ㄐ｜ㄝ\n2.ㄑ｜ˋ,1.揭露、揭竿\n而起、揭\n櫫、揭穿、\n揭發、揭幕\n2.「深則厲，\n淺則揭。」\n（詩經‧邶\n風‧匏有苦\n葉）,,,
1,*1108,掾,ㄩㄢˋ,,,,
2,1109,揣,ㄔㄨㄞˇ,,,,
3,*1110,援,ㄩㄢˊ,,,,
4,*1111,揝,ㄗㄨㄢˋ,,,,
5,1112,揘,ㄏㄨㄤˊ,,,,
6,1113,揄,ㄩˊ,,,,
7,*1114,揜,｜ㄢˇ,,,,
8,1115,揱,ㄒ｜ㄠ,,,,
9,1116,揫,ㄐ｜ㄡ,,,,
10,*1117,摡,ㄍㄞˋ,,,,
11,*1118,撝,ㄏㄨㄟ,,,,
12,1119,搴,ㄑ｜ㄢ,,,,
13,1120,搳,ㄏㄨㄚˊ,,,,
14,1121,搒,ㄅㄥˋ,搒笞,,通「榜」時，\n音ㄅㄤˇ。,
15,1122,搧,ㄕㄢ,,,,
16,*1123,搞,ㄍㄠˇ,,,,
17,1124,搉,ㄑㄩㄝˋ,,,,
18,1125,搐,ㄔㄨˋ,,,,
19,1126,搦,ㄋㄨㄛˋ,,,,
20,1127,搌,ㄓㄢˇ,,,,
21,*1128,搏,ㄅㄛˊ,,,,
22,1129,搹,ㄍㄜˊ,,,,
0,*1130,搢,ㄐ｜ㄣˋ,,,,
1,1131,搚,ㄌㄚ,,,,
2,*1132,搔,ㄙㄠ,,,,
3,1133,搰,ㄏㄨˊ,,,,
4,*1134,搭,ㄉㄚ,,,,
5,1135,搽,ㄔㄚˊ,,,,
6,1136,搵,ㄨㄣˋ,,,,
7,*1137,搖,｜ㄠˊ,,,,
8,*1138,搊,ㄔㄡ,,,,
9,*1139,搥,ㄔㄨㄟˊ,,,,
10,*1140,搜,ㄙㄡ,,,,
11,1141,搋,ㄔㄨㄞ,,,,
12,1142,搶,1.ㄑ｜ㄤˇ\n2.ㄑ｜ㄤ,1.搶劫、搶\n購、搶奪、\n搶著說話\n2.「以頭搶地\n爾。」（戰\n國策‧魏策\n四）、「艇\n子搶風，榜\n人逸浪。」\n（晉‧庾\n闡‧揚都賦）,,,
13,1143,摩,ㄇㄛˊ,,,,
14,1144,摘,ㄓㄞ,,,,
15,*1145,摛,ㄔ,,,,
16,*1146,摝,ㄌㄨˋ,,,,
17,1147,摴,ㄕㄨ,,,,
18,1148,摲,ㄕㄢˋ,,,,
19,*1149,摶,ㄊㄨㄢˊ,,,,
0,1150,摽,1.ㄅ｜ㄠ\n2.ㄆ｜ㄠˇ\n3.ㄅ｜ㄠˋ,1.「長木之\n斃，無不摽\n也。」（左\n傳‧哀公十\n二年）\n2.「摽有梅，\n其實七兮。」\n（詩經‧召\n南‧摽有梅）\n3.摽著胳\n臂、摽在一\n起,,,
1,*1151,摵,ㄕㄜˋ,,,,
2,1152,摺,ㄓㄜˊ,,,,
3,1153,摎,ㄐ｜ㄡ,,,,
4,1154,摟,1.ㄌㄡˊ\n2.ㄌㄡ\n3.ㄌㄡˇ,1.「踰東家牆\n而摟其處\n子。」（孟\n子‧告子下）\n2.摟錢、摟槍\n機、摟聚、\n摟生意\n3.摟抱,,,
5,1155,摞,ㄌㄨㄛˋ,,,,
6,1156,摸,ㄇㄛ,,,,
7,*1157,摧,ㄘㄨㄟ,,,,
8,1158,摋,ㄕㄚ,,,,
9,1159,摻,1.ㄔㄢ\n2.ㄘㄢˋ\n3.ㄕㄢˇ,1.摻和\n2.漁陽摻撾\n（鼓曲名）\n3.「摻執子之\n袪兮。」（詩\n經‧鄭風‧\n遵大路）,,,
0,1160,摐,ㄔㄨㄤ,,,,
1,1161,摹,ㄇㄛˊ,,,,
2,1162,撇,1.ㄆ｜ㄝ\n2.ㄆ｜ㄝˇ,1.撇下、撇\n棄、撇清、\n撇開不談\n2.八字還沒\n一撇、撇嘴,,,ㄆ｜ㄝˇ音\n只用於「撇\n嘴」、「一撇」\n二義，餘義皆\n讀ㄆ｜ㄝ。
3,*1163,撤,ㄔㄜˋ,,,,
4,1164,撞,ㄓㄨㄤˋ,,,,
5,1165,撈,1.ㄌㄠ\n2.ㄌㄠˊ\n(限讀),1.撈取、撈麵,2.限於「撈什\n子」一詞音\nㄌㄠˊ。,,
6,1166,撥,ㄅㄛ,撥雲見日、撥\n款、撥弦,,,
7,1167,撜,1.ㄓㄥˇ\n2.ㄔㄥˊ,1.「子路撜\n溺。」（淮\n南子‧齊俗）\n2.「豈此俎豆\n古，不為手\n所撜。」\n（唐‧韓\n愈‧昌黎集\n二十一‧石\n鼎聯句）,,,
8,1168,撏,ㄒㄩㄣˊ,,,,
9,*1169,撰,ㄓㄨㄢˋ,,,,
10,1170,撓,ㄋㄠˊ,,,,
11,*1171,撖,ㄍㄢˇ,,,,
12,1172,撢,ㄉㄢˇ,撢灰塵、雞毛\n撢子,,通「探」時，\n音ㄊㄢˋ。,
13,1173,撕,1.ㄙ\n2.ㄒ｜\n(限讀),1.撕毀、撕\n開、撕破臉,2.限於「提\n撕」一詞音\nㄒ｜。,,
0,1174,撗,ㄍㄨㄤˋ,,,,
1,1175,撒,1.ㄙㄚ\n2.ㄙㄚˇ,1.撒謊、撒\n野、撒手不\n管、撒旦\n2.撒了一地,,,
2,1176,撅,ㄐㄩㄝ,,,,
3,1177,撩,ㄌ｜ㄠˊ,,,,
4,1178,撮,ㄘㄨㄛˋ,,,,
5,1179,撣,1.ㄉㄢˇ\n2.ㄕㄢˋ\n(限讀),1.撣子、撣撣,2.限於「撣\n族」（民族\n名）一詞音\nㄕㄢˋ。,,
6,1180,撲,ㄆㄨ,,,,
7,1181,播,ㄅㄛˋ,,,,
8,1182,撬,ㄑ｜ㄠˋ,,,,
9,*1183,撫,ㄈㄨˇ,,,,
10,1184,撟,ㄐ｜ㄠˇ,,,,
11,1185,擘,ㄅㄛˋ,,,,
12,*1186,擊,ㄐ｜ˊ,,,,
13,1187,擁,ㄩㄥ,,,,
14,1188,擂,ㄌㄟˊ,,,,一般「擂臺」\n讀ㄌㄟˋ，然\n僅有此詞\n例，且義亦無\n別，故通讀陽\n平。
15,1189,擋,1.ㄉㄤˋ\n2.ㄉㄤˇ,1.摒擋\n2.排擋、阻擋,,,
16,1190,操,ㄘㄠ,,,,
17,*1191,據,ㄐㄩˋ,,,,
18,1192,擄,ㄌㄨˇ,,,,
19,*1193,擖,ㄍㄜˊ,,,,
20,*1194,擏,ㄑ｜ㄥˊ,,,,
0,1195,擇,ㄗㄜˊ,,,,
1,*1196,擐,ㄏㄨㄢˋ,,,,
2,1197,擉,ㄔㄨˋ,,,,
3,1198,擔,1.ㄉㄢ\n2.ㄉㄢˋ,1.負擔、擔擱\n2.扁擔、重擔,,,
4,*1199,撿,ㄐ｜ㄢˇ,,,,
5,1200,擰,1.ㄋ｜ㄥˇ\n2.ㄋ｜ㄥˋ,1.擰乾、擰\n開、「弄擰\n了！」\n2.擰脾氣、擰\n性、擰種,,,
6,1201,擠,ㄐ｜ˇ,,,,
7,1202,擩,ㄖㄨˋ,,,,
8,1203,擭,ㄏㄨㄛˋ,,,,
9,1204,擿,ㄊ｜ˋ,擿出、擿問罪\n犯,,通「擲」時，\n音ㄓˊ。,
10,1205,擲,ㄓˊ,,,,
11,1206,擷,ㄐ｜ㄝˊ,,,,
12,1207,擻,ㄙㄡˇ,,,,
13,1208,攄,ㄕㄨ,,,,
14,1209,擽,ㄌㄩㄝˋ,,,,
15,*1210,擸,ㄌㄚˋ,,,,
16,1211,攏,ㄌㄨㄥˇ,,,,
17,*1212,攉,ㄏㄨㄛˋ,,,,
18,1213,攌,ㄏㄢˋ,,,,
19,1214,攘,ㄖㄤˊ,,,,
20,1215,攕,ㄒ｜ㄢ,,,,
21,*1216,攙,ㄔㄢ,,,,
22,1217,攛,ㄘㄨㄢ,,,,
0,1218,攝,1.ㄕㄜˋ\n2.ㄋ｜ㄝˋ,1.攝取、攝\n政、統攝、\n「沛公起，\n攝衣謝食。」\n（史記‧高\n祖本記）\n2.「天下攝\n然，人安其\n生。」（漢\n書‧嚴助傳）,,,
1,1219,攜,ㄒ｜,,,,
2,1220,攣,ㄌㄨㄢˊ,,,,ㄌㄩㄢˊ較\n難發音，且\n「孿」亦取\nㄌㄨㄢˊ，依\n今日口語及\n大陸資料取\nㄌㄨㄢˊ。
3,1221,攡,ㄌ｜ˊ,,,,
4,1222,攠,ㄇ｜ˊ,,,,
5,1223,攢,1.ㄗㄢˇ\n2.ㄘㄨㄢˊ,1.積攢\n2.攢眉、萬頭\n攢動,,,
6,1224,攩,ㄊㄤˇ,,,,
7,1225,攪,ㄐ｜ㄠˇ,攪拌、攪和、\n攪亂、打攪,,,
8,1226,,ㄆㄨ,,,,
9,*1227,收,ㄕㄡ,,,,
10,1228,攸,｜ㄡ,,,,
0,1229,放,1.ㄈㄤˋ\n2.ㄈㄤˇ,1.放棄、放\n牛、放大、\n放假、放\n逐、百花齊\n放\n2.「放於利而\n行。」（論\n語‧里仁）,,,
1,1230,攽,ㄅ｜ㄣ,「攽，分也。」\n（說文）,,通「頒」時，\n音ㄅㄢ。,
2,*1231,政,ㄓㄥˋ,,,,
3,1232,敖,ㄠˊ,「嘉賓式燕\n以敖。」（詩\n經‧小雅‧鹿\n鳴）、姓（顓\n頊帝之師太\n敖之後）,,通「傲」時，\n音ㄠˋ。,
4,1233,教,1.ㄐ｜ㄠˋ\n2.ㄐ｜ㄠ,1.佛教、教\n唆、教育、\n教材、教\n法、諄諄教\n誨、因材施\n教、教學、\n教學相長、\n教學研討會\n2.教學生、教\n書匠,,,文言「教」\nㄐ｜ㄠ、\nㄐ｜ㄠˋ二\n音皆存，\nㄐ｜ㄠˋ音\n具名、動詞\n性。
5,1234,敦,1.ㄉㄨㄣ\n2.ㄉㄨㄟˋ,1.敦煌、敦品\n勵學、敦親\n睦鄰、敦\n厚、敦請\n2.敦槃（銅器\n名）,,,
0,1235,散,1.ㄙㄢˋ\n2.ㄙㄢˇ,1.分散、散\n播、散熱、\n散步\n2.丸散、廣陵\n散（琴曲\n名）、散文、\n一盤散沙,,,除名詞與內\n部組織不緊\n密義，音\nㄙㄢˇ，餘義\n音ㄙㄢˋ。
1,1236,敤,ㄎㄜˇ,,,,
2,1237,敺,ㄑㄩ,「為湯、武敺\n民者，桀與紂\n也。」（孟\n子‧離婁上）,,通「毆」時，\n音ㄡ。,
3,1238,敶,1.ㄓㄣˋ\n2.ㄔㄣˊ,1.同「陣」\n2.同「陳」,,,
4,1239,數,1.ㄕㄨˋ\n2.ㄕㄨˇ\n3.ㄕㄨㄛˋ\n4.ㄘㄨˋ\n(限讀)\n5.ㄙㄨˋ\n(限讀),1.數目、數學\n2.數來寶、數\n落\n3.數見不\n鮮、數數來\n訪,4.限於「數\n罟」一詞音\nㄘㄨˋ。\n5.限於「數珠\n兒」一詞音\nㄙㄨˋ。,,
5,1240,斁,1.｜ˋ\n2.ㄉㄨˋ,1.「服之無\n斁。」（詩\n經‧周南‧\n葛覃）、「庸\n鼓有斁。」\n（詩經‧商\n頌‧那）\n2.「不得其\n人，則大職\n墮斁。」（漢\n書‧薛宣傳）,,,
6,1241,斂,ㄌ｜ㄢˋ,,,,
7,*1242,斄,ㄊㄞ,,,,
0,1243,文,1.ㄨㄣˊ\n2.ㄨㄣˋ,1.文字、文質\n彬彬\n2.文飾、文過,,,
1,1244,斐,ㄈㄟˇ,,,,
2,1245,斗,ㄉㄡˇ,漏斗、斗膽、\n北斗七星,,,
3,*1246,料,ㄌ｜ㄠˋ,,,,
4,1247,斜,1.ㄒ｜ㄝˊ\n2.｜ㄝˊ\n(限讀),1.傾斜、斜\n視、斜坡,2.限於「斜\n谷」一詞音\n｜ㄝˊ。,,
5,1248,斡,ㄨㄛˋ,,,,
6,*1249,斤,ㄐ｜ㄣ,,,,
7,*1250,斥,ㄔˋ,,,,
8,1251,斷,ㄉㄨㄢˋ,,,,
9,1252,方,ㄈㄤ,方法、方位、\n方才、方音、\n平方、比方、\n正方形、姓\n（如黃花岡\n七十二烈士\n之一的方聲\n洞）,,通「徬」時，\n音ㄆㄤˊ。,
10,1253,於,1.ㄩˊ\n2.ㄨ,1.於是、於\n今、於事無\n補、「不戚\n戚於貧賤。」\n（晉‧陶淵\n明‧五柳先\n生傳）\n2.於菟、於戲,,,
11,1254,斿,｜ㄡˊ,,,,
0,1255,施,1.ㄕ\n2.｜ˋ,1.施行、布\n施、施捨、\n姓（如元代\n有施耐庵）\n2.施於子\n孫、「施從\n良人之所\n之。」（孟\n子‧離婁下）,,,
1,1256,旁,ㄆㄤˊ,旁邊、身旁、\n旁門左道、提\n手旁、旁觀者,,通「傍」時，\n音ㄅㄤˋ。,
2,1257,旄,ㄇㄠˊ,旄頭、旄牛,,通「耄」、「眊」\n時，音\nㄇㄠˋ。,
3,1258,旎,ㄋ｜ˇ,,,,
4,1259,旋,1.ㄒㄩㄢˊ\n2.ㄒㄩㄢˋ,1.旋渦、凱旋\n2.旋風、「那\n莊客旋了一\n壺酒。」（水\n滸傳‧第五\n回）,,,
5,*1260,族,ㄗㄨˊ,,,,
6,1261,旖,｜ˇ,,,,
7,1262,旛,ㄈㄢ,,,,
8,1263,旝,ㄎㄨㄞˋ,,,,
9,1264,日,1.ㄖˋ\n2.ㄇ｜ˋ\n(限讀),1.日子、日\n月、生日、\n春日、日用\n品、日薄西\n山,2.限於「金日\n磾」一詞音\nㄇ｜ˋ。,,
10,*1265,旬,ㄒㄩㄣˊ,,,,
0,1266,旰,1.ㄍㄢˋ\n2.ㄏㄢˋ\n(限讀),1.旰食、「日\n旰，天子忘\n食。」（漢\n書‧張湯傳）,2.限於「旰\n旰」一詞音\nㄏㄢˋ。,,
1,1267,昔,ㄒ｜ˊ,,,,
2,1268,昆,1.ㄎㄨㄣ\n2.ㄏㄨㄣˊ\n(限讀),1.昆蟲、賢昆\n仲,2.限於「昆\n邪」一詞音\nㄏㄨㄣˊ。,,
3,*1269,昒,ㄏㄨ,,,,
4,1270,易,｜ˋ,,,,
5,*1271,昕,ㄒ｜ㄣ,,,,
6,*1272,昏,ㄏㄨㄣ,,,,
7,1273,昶,ㄔㄤˇ,,,,
8,*1274,春,ㄔㄨㄣ,,,,
9,*1275,昧,ㄇㄟˋ,,,,
10,*1276,昵,ㄋ｜ˋ,,,,
11,*1277,是,ㄕˋ,,,,
12,1278,昢,ㄆㄟˋ,,,,
13,1279,昳,1.ㄉ｜ㄝˊ\n2.｜ˋ,1.「諸客奔走\n市買，至日\n昳皆會。」\n（漢書‧原\n涉傳）\n2.「身體昳\n麗。」（戰\n國策‧齊策\n一）,,,
14,1280,昫,ㄒㄩˇ,,,,
15,1281,晏,｜ㄢˋ,,,,
16,1282,晅,ㄒㄩㄢ,,,,
0,1283,晃,1.ㄏㄨㄤˇ\n2.ㄏㄨㄤˋ,1.晃縣（湖南\n省縣名）、\n晃耀、亮晃\n晃\n2.搖晃、晃眼,,,
1,1284,晁,ㄔㄠˊ,姓（如宋代有\n晁補之）,,通「朝」時，\n音ㄓㄠ。,
2,1285,晟,ㄔㄥˊ,,,,
3,1286,晢,ㄓㄜˊ,,,,
4,1287,晥,ㄏㄨㄢˇ,,,,
5,*1288,晛,ㄒ｜ㄢˋ,,,,
6,1289,晙,ㄐㄩㄣˋ,,,,
7,1290,景,ㄐ｜ㄥˇ,景色、景泰\n藍、盆景、布\n景、景仰、景\n教,,通「影」時，\n音｜ㄥˇ。,
8,1291,晻,｜ㄢˇ,,,,
9,1292,暋,ㄇ｜ㄣˇ,,,,
10,1293,暈,1.ㄩㄣ\n2.ㄩㄣˋ,1.頭暈眼\n花、暈車、\n暈倒\n2.月暈、燈\n暈、酒暈、\n血暈,,,凡與頭昏有\n關，音ㄩㄣ。\nㄩㄣˋ只用\n作名詞。
11,1294,暇,ㄒ｜ㄚˊ,,,,
12,1295,暍,ㄏㄜˋ,,,,
13,1296,暖,1.ㄋㄨㄢˇ\n2.ㄒㄩㄢ\n(限讀),1.暖和、暖\n炕、溫暖、\n暖壽、暖酒,2.限於「暖\n姝」一詞音\nㄒㄩㄢ。,,
14,1297,暝,ㄇ｜ㄥˊ,,,,
15,1298,暫,ㄓㄢˋ,,,,
16,1299,暵,ㄏㄢˋ,,,,
0,1300,暴,1.ㄅㄠˋ\n2.ㄆㄨˋ,1.暴虐、暴\n躁、暴斃\n2.暴露、一暴\n十寒,,,
1,1301,曈,ㄊㄨㄥˊ,,,,
2,1302,曀,｜ˋ,,,,
3,1303,,ㄕㄚˋ,,,,
4,*1304,曏,ㄒ｜ㄤˋ,,,,
5,1305,曜,｜ㄠˋ,,,,
6,1306,曝,ㄆㄨˋ,,,,
7,1307,曳,｜ˋ,,,,
8,1308,曲,1.ㄑㄩ\n2.ㄑㄩˇ,1.彎曲、曲\n膝、歪曲、\n委曲求全、\n曲棍球、曲\n線、曲突徙\n薪\n2.歌曲、元\n曲、曲高和\n寡,,,
9,1309,更,1.ㄍㄥ\n2.ㄍㄥˋ,1.變更、更\n夫、三更半\n夜、少不更\n事\n2.自力更\n生、更好、\n更生人,,,
10,*1310,曷,ㄏㄜˊ,,,,
11,1311,曾,1.ㄗㄥ\n2.ㄘㄥˊ,1.曾孫、姓\n（如清代有\n曾國藩）\n2.曾經,,,
12,*1312,朁,ㄘㄢˇ,,,,
0,1313,會,1.ㄏㄨㄟˋ\n2.ㄎㄨㄞˋ\n3.ㄍㄨㄟˋ\n4.ㄏㄨㄟˇ\n(限讀),1.農會、都\n會、機會、\n領會\n2.會計、姓\n（如漢代有\n會栩）\n3.會稽（浙江\n省舊縣名）,4.限於「一會\n兒」、「多\n會兒」等詞\n音ㄏㄨㄟ\nˇ。,,
1,1314,有,1.｜ㄡˇ\n2.｜ㄡˋ,1.富有、有條\n有理、有\n效、應有盡\n有、有教無\n類、有目共\n睹\n2.「吾十有五\n而志於學。」\n（論語‧為\n政）,,,
2,1315,服,ㄈㄨˊ,,,,
3,1316,朏,ㄈㄟˇ,,,,
4,1317,朓,ㄊ｜ㄠˋ,,,,
5,1318,望,ㄨㄤˋ,,,,
6,1319,朝,1.ㄓㄠ\n2.ㄔㄠˊ,1.朝露、朝氣\n蓬勃、朝\n會、有朝一\n日\n2.朝代、朝\n廷、朝覲、\n朝聖,,,
0,1320,期,1.ㄑ｜ˊ\n2.ㄐ｜,1.日期、期\n限、期、\n期待\n2.期年、期\n服、「實維\n何期。」（詩\n經‧小雅‧\n頍弁）,,,
1,1321,,1.ㄉㄨㄣˇ\n2.ㄋ｜ㄝˋ,1.白（景德\n鎮瓷土）\n2.「，古文\n，木無\n頭。」（說\n文）,,,
2,*1322,朮,ㄓㄨˊ,,,,
3,*1323,朾,ㄊ｜ㄥ,,,,
4,1324,朴,1.ㄆㄛˋ\n2.ㄆㄨˊ\n3.ㄆ｜ㄠˊ,1.桑朴\n2.朴鄙、朴刀\n3.姓,,,
5,*1325,朹,ㄑ｜ㄡˊ,,,,
6,1326,机,ㄐ｜,,,,
7,1327,朱,ㄓㄨ,,,,
8,*1328,杆,ㄍㄢ,,,,
9,*1329,杅,ㄩˊ,,,,
10,*1330,杞,ㄑ｜ˇ,,,,
11,1331,杠,ㄍㄤ,杠橋、旗杠,,通「槓」時，\n音ㄍㄤˋ。,
12,1332,杝,｜ˊ,杝木,,通「舵」時，\n音ㄉㄨㄛˋ。,
13,*1333,杕,ㄉ｜ˋ,,,,
14,1334,杈,ㄔㄚ,,,,
15,1335,杓,1.ㄅ｜ㄠ\n2.ㄕㄠˊ,1.斗杓\n2.杓子,,,
0,1336,杉,ㄕㄢ,,,,
1,*1337,枓,ㄓㄨˇ,,,,
2,*1338,杭,ㄏㄤˊ,,,,
3,1339,枋,ㄈㄤ,,,,
4,1340,枕,1.ㄓㄣˇ\n2.ㄓㄣˋ,1.枕頭、枕\n木、枕骨、\n枕邊細語\n2.枕戈待\n旦、「曲肱\n而枕之。」\n（論語‧述\n而）,,,
5,*1341,杼,ㄓㄨˋ,,,,
6,*1342,枉,ㄨㄤˇ,,,,
7,1343,杬,ㄩㄢˊ,,,,
8,1344,杻,1.ㄋ｜ㄡˇ\n2.ㄔㄡˇ,1.杻樹\n2.「死罪校而\n加杻。」（唐\n書‧刑法志）,,,
9,1345,杷,ㄆㄚˊ,,,,
10,1346,枝,ㄓ,樹枝、枝節,,通「歧」時，\n音ㄑ｜ˊ。,
11,1347,枇,ㄆ｜ˊ,枇杷,,通「篦」、「笓」\n時，音\nㄅ｜ˋ。,
12,*1348,枒,｜ㄚˊ,,,,
13,*1349,枘,ㄖㄨㄟˋ,,,,
14,1350,杳,｜ㄠˇ,,,,
15,1351,杲,ㄍㄠˇ,,,,
16,*1352,果,ㄍㄨㄛˇ,,,,
0,1353,某,1.ㄇㄡˇ\n2.ㄇㄟˊ,1.某些事\n物、某人、\n某甲\n2.「梅」的本\n字,,,
1,1354,柁,ㄊㄨㄛˊ,房柁,,通「舵」時，\n音ㄉㄨㄛˋ。,
2,*1355,柱,ㄓㄨˋ,,,,
3,1356,柲,ㄅ｜ˋ,,,,
4,1357,枰,ㄆ｜ㄥˊ,,,,
5,*1358,柅,ㄋ｜ˇ,,,,
6,1359,柜,1.ㄐㄩˇ\n2.ㄍㄨㄟˋ,1.柜柳\n2.「櫃」的異\n體字,,,
7,1360,柯,ㄎㄜ,,,,
8,1361,柄,ㄅ｜ㄥˇ,,,,
9,1362,柑,ㄍㄢ,,,,
10,*1363,枷,ㄐ｜ㄚ,,,,
11,*1364,柤,ㄓㄚ,,,,
12,*1365,柙,ㄒ｜ㄚˊ,,,,
13,1366,柚,｜ㄡˋ,,,,
14,1367,枳,ㄓˇ,,,,
15,1368,柷,ㄓㄨˋ,,,,
16,*1369,柍,｜ㄤ,,,,
17,1370,柵,ㄓㄚˋ,,,,
18,1371,枹,ㄈㄨˊ,,,,
19,1372,柂,｜ˊ,「柂，椵柂。」\n（爾雅‧釋\n木）,,通「舵」時，\n音ㄉㄨㄛˋ。,
20,1373,柣,1.ㄓˊ\n2.ㄉ｜ㄝˊ,1.「柣謂之\n閥。」（爾\n雅‧釋宮）\n2.桔柣,,,
0,1374,柞,1.ㄗㄨㄛˋ\n2.ㄗㄜˊ,1.柞蠶\n2.「載芟載\n柞。」（詩\n經‧周頌‧\n載芟）,,,
1,1375,枸,1.ㄍㄡˇ\n2.ㄐㄩˇ\n3.ㄍㄡ,1.枸杞、枸骨\n2.枸櫞\n3.枸橘、「夫\n枸木必待檃\n括烝矯然後\n直。」（荀\n子‧性惡）,,,
2,1376,柏,ㄅㄛˊ,,,,
3,1377,柎,1.ㄈㄨ\n2.ㄈㄨˇ,1.「崇丘之山\n有木焉，圓\n葉而白柎。」\n（山海經‧\n西山經）\n2.鼓柎,,,
4,1378,柢,ㄉ｜ˇ,,,,
5,1379,查,1.ㄔㄚˊ\n2.ㄓㄚ,1.調查、檢查\n2.姓（如清代\n有查慎行）,,,
6,1380,柴,ㄔㄞˊ,木柴、柴魚、\n火柴、砍柴,,通「砦」時，\n音ㄓㄞˋ。,
7,1381,栔,ㄑ｜ˋ,,,,
8,*1382,栽,ㄗㄞ,,,,
9,*1383,栗,ㄌ｜ˋ,,,,
10,1384,校,1.ㄒ｜ㄠˋ\n2.ㄐ｜ㄠˋ,1.學校、上\n校、校慶、\n校長、校友\n2.校量、校\n稿、校閱,,,
11,1385,核,ㄏㄜˊ,,,,
0,1386,桋,｜ˊ,,,,
1,1387,栻,ㄕˋ,,,,
2,1388,桔,1.ㄐ｜ㄝˊ\n2.ㄐㄩˊ,1.桔梗、桔槔\n2.「橘」的異\n體字,,,
3,1389,栖,ㄒ｜,栖栖皇皇,,通「棲」時，\n音ㄑ｜。,
4,1390,栲,ㄎㄠˇ,,,,
5,1391,栵,ㄌ｜ˋ,,,,
6,1392,栯,1.ㄩˋ\n2.｜ㄡˇ,1.栯李\n2.栯木,,,
7,1393,栫,ㄐ｜ㄢˋ,,,,
8,*1394,栩,ㄒㄩˇ,,,,
9,1395,桄,1.ㄍㄨㄤ\n2.ㄍㄨㄤˋ,1.桄榔\n2.「拿一桄毛\n線來。」、\n「薛仁貴登\n門桄大呼以\n警宮內。」\n（資治通\n鑑‧唐高祖\n紀）,,,
10,*1396,桐,ㄊㄨㄥˊ,,,,
11,1397,栘,｜ˊ,,,,
12,*1398,桅,ㄨㄟˊ,,,,
13,*1399,栒,ㄒㄩㄣˊ,,,,
14,1400,栝,ㄍㄨㄚ,,,,
15,*1401,格,ㄍㄜˊ,,,,
16,1402,桁,1.ㄏㄥˊ\n2.ㄏㄤˊ,1.桁條\n2.桁楊、「燒\n朱雀桁。」\n（晉書）,,,
0,1403,梡,1.ㄎㄨㄢˇ\n2.ㄏㄨㄢˊ,1.「俎，有虞\n氏以梡。」\n（禮記‧明\n堂位）\n2.「斷木為\n棋，梡革為\n鞠，亦皆有\n法焉。」\n（漢‧揚\n雄‧法言‧\n吾子）,,,
1,*1404,梲,ㄓㄨㄛˊ,,,,
2,1405,桶,ㄊㄨㄥˇ,,,,
3,1406,梫,ㄑ｜ㄣ,,,,
4,1407,械,ㄒ｜ㄝˋ,,,,
5,1408,梂,ㄑ｜ㄡˊ,,,,
6,1409,梧,ㄨˊ,,,,
7,1410,梐,ㄅ｜ˋ,,,,
8,*1411,梵,ㄈㄢˋ,,,,
9,1412,梜,ㄐ｜ㄚˊ,,,,
10,*1413,梢,ㄕㄠ,,,,
11,*1414,桿,ㄍㄢˇ,,,,
12,1415,梩,ㄌ｜ˊ,,,,
13,1416,梬,｜ㄥˇ,,,,
14,1417,梱,ㄎㄨㄣˇ,,,,
15,1418,桯,ㄊ｜ㄥ,,,,
16,1419,桴,ㄈㄨˊ,,,,
17,*1420,梭,ㄙㄨㄛ,,,,
18,*1421,梏,ㄍㄨˋ,,,,
19,1422,梟,ㄒ｜ㄠ,,,,
20,1423,條,ㄊ｜ㄠˊ,,,,
21,1424,楖,ㄐ｜ˊ,,,,
0,1425,棸,ㄗㄡ,,,,
1,*1426,棘,ㄐ｜ˊ,,,,
2,*1427,棺,ㄍㄨㄢ,,,,
3,*1428,椌,ㄑ｜ㄤ,,,,
4,1429,棓,ㄆㄡˇ,,,,
5,*1430,椄,ㄐ｜ㄝ,,,,
6,*1431,棬,ㄑㄩㄢ,,,,
7,1432,棲,ㄑ｜,棲息、棲身之\n所、水陸兩\n棲、棲霞（山\n東省縣名）,,通「栖」時，\n音ㄒ｜。如：\n「棲棲皇皇」,
8,1433,棣,ㄉ｜ˋ,,,,
9,1434,椐,ㄐㄩ,,,,
10,*1435,棷,ㄗㄡ,,,,
11,*1436,椏,｜ㄚ,,,,
12,*1437,棱,ㄌㄥˊ,,,,
13,*1438,植,ㄓˊ,,,,
14,1439,棋,ㄑ｜ˊ,,,,
15,*1440,棧,ㄓㄢˋ,,,,
16,*1441,棽,ㄕㄣ,,,,
17,1442,棼,ㄈㄣˊ,,,,
18,1443,椅,｜ˇ,,,,
19,1444,棍,ㄍㄨㄣˋ,,,,
20,*1445,棵,ㄎㄜ,,,,
21,1446,棹,1.ㄓㄠˋ\n2.ㄓㄨㄛ,1.「桂棹兮蘭\n槳。」（宋‧\n蘇軾‧赤壁\n賦）,,2.通「桌」音\nㄓㄨㄛ。,
22,1447,棌,ㄘㄞˇ,,,,
0,1448,椎,ㄓㄨㄟ,脊椎骨、鐵\n椎、「鴻妻孟\n光，椎髻著布\n衣。」（後漢\n書‧梁鴻傳）,,,
1,1449,椑,1.ㄆ｜ˊ\n2.ㄅㄟ,1.美酒一椑\n2.椑,,,
2,1450,棯,ㄖㄣˇ,,,,
3,1451,棆,ㄌㄨㄣˊ,,,,
4,*1452,楎,ㄏㄨㄣˊ,,,,
5,1453,楄,ㄆ｜ㄢˊ,,,,
6,*1454,椸,｜ˊ,,,,
7,*1455,楢,｜ㄡˊ,,,,
8,1456,楗,ㄐ｜ㄢˋ,,,,
9,1457,楔,ㄒ｜ㄝ,,,,
10,*1458,椵,ㄐ｜ㄚˇ,,,,
11,1459,楅,ㄅ｜ˋ,,,,
12,1460,楮,ㄔㄨˇ,,,,
13,1461,椹,ㄓㄣ,,,,
14,*1462,楪,｜ㄝˋ,,,,
15,1463,楷,ㄎㄞˇ,,,,
16,1464,楂,ㄓㄚ,,,,
17,1465,楫,ㄐ｜ˊ,,,,
18,1466,楬,1.ㄐ｜ㄝˊ\n2.ㄑ｜ㄚˋ,1.楬豆、楬\n櫫、「若有\n死于道路\n者，則令埋\n而置楬焉。」\n（周禮‧秋\n官‧蜡氏）\n2.「鼓控楬\n壎篪。」（禮\n記‧樂記）,,,
0,1467,椳,ㄨㄟ,,,,
1,1468,楨,ㄓㄣ,,,,
2,1469,楛,1.ㄏㄨˋ\n2.ㄎㄨˇ,1.楛矢\n2.「問楛者勿\n告也。」（荀\n子‧勸學）,,,
3,1470,楞,ㄌㄥˊ,楞角、楞伽、\n一楞地,,通「愣」時，\n音ㄌㄥˋ。,
4,*1471,楥,ㄒㄩㄢˋ,,,,
5,1472,椽,ㄔㄨㄢˊ,,,,
6,1473,楀,ㄩˇ,,,,
7,1474,楩,ㄆ｜ㄢˊ,,,,
8,*1475,楯,ㄕㄨㄣˇ,,,,
9,*1476,業,｜ㄝˋ,農業、企業、\n職業、成家立\n業、業障、業\n冤,,,
10,1477,榮,ㄖㄨㄥˊ,,,,
11,,,ㄍㄨˇ,,,,
12,1479,榦,1.ㄍㄢˋ\n2.ㄏㄢˊ\n(限讀),1.枝榦、「八\n榦共成林。」\n（晉‧陶淵\n明‧讀山海\n經詩）,2.限於「井\n榦」一詞音\nㄏㄢˊ。,,
13,1480,榜,1.ㄅㄤˇ\n2.ㄅㄥˋ,1.標榜、放\n榜、落榜、\n榜樣、封神\n榜\n2.榜舟、榜人,,,
14,*1481,榠,ㄇ｜ㄥˊ,,,,
15,1482,榱,ㄘㄨㄟ,,,,
16,1483,榷,ㄑㄩㄝˋ,,,,
17,1484,槎,ㄔㄚˊ,,,,
0,1485,榙,ㄉㄚˊ,,,,
1,1486,榿,ㄑ｜,,,,
2,1487,槄,ㄊㄠ,,,,
3,1488,榽,ㄒ｜ˊ,,,,
4,*1489,槌,ㄔㄨㄟˊ,,,,
5,1490,槐,ㄏㄨㄞˊ,,,,
6,1491,槍,1.ㄑ｜ㄤ\n2.ㄔㄥ\n(限讀),1.手槍、老煙\n槍、標槍、\n槍林彈雨,2.限於「欃\n槍」一詞音\nㄔㄥ。,,
7,1492,槧,ㄑ｜ㄢˋ,,,,
8,*1493,槷,ㄋ｜ㄝˋ,,,,
9,1494,樀,1.ㄉ｜ˊ\n2.ㄓㄜˊ,1.樀樀\n2.「通俗文\n曰：磨床曰\n樀。」（太\n平御覽‧器\n物‧磨）,,,
10,1495,樣,｜ㄤˋ,,,,
11,1496,樗,ㄕㄨ,,,,
12,1497,槥,ㄏㄨㄟˋ,,,,
13,*1498,樁,ㄓㄨㄤ,,,,
14,1499,樞,ㄕㄨ,,,,
15,1500,標,ㄅ｜ㄠ,,,,
16,1501,槱,｜ㄡˇ,,,,
17,1502,樠,ㄇㄢˊ,,,,
18,1503,槭,ㄘㄨˋ,,,,ㄗㄨˊ併讀\n為ㄘㄨˋ，\n「蹙」戚，\n亦音ㄘㄨˋ。
19,1504,槾,ㄇㄢˊ,,,,
20,1505,模,ㄇㄛˊ,,,,
21,*1506,樊,ㄈㄢˊ,,,,
0,*1507,槮,ㄙㄢˇ,,,,
1,1508,樅,1.ㄘㄨㄥ\n2.ㄗㄨㄥ\n(限讀),1.樅木、「樅\n金鼓。」（漢\n書‧司馬相\n如傳）,2.限於「樅\n陽」（安徽\n省桐城縣）\n一詞音ㄗㄨ\nㄥ。,,
2,*1509,樔,ㄔㄠˊ,,,,
3,1510,樂,1.ㄩㄝˋ\n2.ㄌㄜˋ\n3.｜ㄠˋ,1.音樂、樂\n經、樂器、\n姓（如戰國\n時燕國名將\n樂毅）\n2.快樂、樂天\n知命、樂觀\n其成、樂此\n不疲\n3.「智者樂\n水，仁者樂\n山。」（論\n語‧雍也）,,,
4,1511,橀,ㄒ｜,,,,
5,1512,橦,1.ㄊㄨㄥˊ\n2.ㄔㄨㄤˊ,1.「橦，木一\n截也。」（集\n韻）、橦華、\n橦橦（狀聲\n詞）\n2.「決帆摧\n橦。」（文\n選‧木華‧\n海賦）,,,
6,1513,樴,ㄓˊ,,,,
7,1514,橉,ㄌ｜ㄣˋ,,,,
8,*1515,橧,ㄗㄥ,,,,
9,1516,橙,ㄔㄥˊ,,,,
10,*1517,橚,ㄙㄨˋ,,,,
0,1518,橈,ㄋㄠˊ,,,,
1,1519,橝,ㄊㄢˊ,,,,
2,1520,橨,ㄈㄣˊ,,,,
3,*1521,橭,ㄎㄨ,,,,
4,1522,橫,1.ㄏㄥˊ\n2.ㄏㄥˋ,1.縱橫、「雲\n橫秦嶺家何\n在？」\n（唐‧韓\n愈‧自詠詩）\n2.橫政、橫\n死、橫財,,,
5,*1523,橛,ㄐㄩㄝˊ,,,,
6,1524,橑,ㄌㄠˇ,,,,
7,1525,樿,ㄕㄢˋ,,,,
8,1526,樺,ㄏㄨㄚˋ,,,,
9,1527,樸,ㄆㄨˊ,,,,
10,*1528,橪,ㄖㄢˇ,,,,
11,1529,橇,ㄑ｜ㄠ,,,,
12,*1530,橋,ㄑ｜ㄠˊ,,,,
13,1531,樨,ㄒ｜,,,,
14,1532,檕,ㄐ｜ˋ,,,,
15,1533,檥,｜ˇ,,,,
16,1534,檔,ㄉㄤˇ,,,,
17,*1535,橾,ㄙㄡˇ,,,,
18,*1536,檡,ㄓㄜˊ,,,,
19,1537,檐,ㄉㄢˋ,檐子、檐竿,,通「簷」時，\n音｜ㄢˊ。,
20,1538,檇,ㄗㄨㄟˋ,,,,
21,1539,檜,ㄎㄨㄞˋ,,,,
22,1540,檠,ㄑ｜ㄥˊ,,,,
23,1541,櫛,ㄐ｜ㄝˊ,,,,
24,1542,檳,ㄅ｜ㄣ,,,,
0,1543,檻,1.ㄐ｜ㄢˋ\n2.ㄎㄢˇ,1.囚檻、欄檻\n2.門檻,,,
1,*1544,櫡,ㄓㄨㄛˊ,,,,
2,1545,櫂,ㄓㄨㄛˊ,「櫂，盂也。」\n（廣雅‧釋\n器）,,通「棹」時，\n音ㄓㄠˋ。,
3,*1546,櫑,ㄌㄟˊ,,,,
4,1547,櫟,1.ㄌ｜ˋ\n2.ㄩㄝˋ\n(限讀),1.櫟樹、櫟\n樗、櫟散,2.限於「櫟\n陽」（古縣\n名）一詞音\nㄩㄝˋ。,,
5,*1548,櫰,ㄏㄨㄞˊ,,,,
6,1549,櫱,ㄋ｜ㄝˋ,,,,
7,*1550,欄,ㄌㄢˊ,,,,
8,1551,欂,ㄅㄛˊ,,,,
9,*1552,櫼,ㄐ｜ㄢ,,,,
10,*1553,欐,ㄌ｜ˋ,,,,
11,*1554,欘,ㄓㄨˊ,,,,
12,1555,次,ㄘˋ,,,,
13,1556,欨,ㄒㄩ,,,,
14,1557,欬,ㄎㄞˋ,,,,
15,*1558,欶,ㄕㄨㄛˋ,,,,
16,1559,欷,ㄒ｜,欷歔,,通「咳」時，\n音ㄎㄜˊ。,
17,1560,欸,1.ㄞˇ\n2.ㄟˋ,1.欸乃\n2.歎詞。如：\n「欸！我可\n以照辦。」,,,
18,1561,欻,ㄏㄨ,,,,
19,1562,欹,ㄑ｜,欹午、欹案,,通「猗」時，\n音｜。,
20,*1563,欽,ㄑ｜ㄣ,,,,
0,*1564,欿,ㄎㄢˇ,,,,
1,1565,歅,｜ㄣ,,,,
2,1566,歂,ㄔㄨㄢˇ,,,,
3,1567,歉,ㄑ｜ㄢˋ,,,,
4,1568,歐,ㄡ,,,,
5,1569,歙,1.ㄒ｜ˋ\n2.ㄕㄜˋ,1.歙赩、歙歙\n2.歙硯、歙縣,,,
6,1570,歕,ㄆㄣ,,,,
7,1571,歟,ㄩˊ,,,,
8,1572,正,1.ㄓㄥˋ\n2.ㄓㄥ,1.正直、正\n確、正好、\n純正、立正\n2.正旦、正鵠,,,
9,*1573,武,ㄨˇ,,,,
10,1574,歪,1.ㄨㄞ\n2.ㄨㄞˇ\n(限讀),,2.限於「歪了\n腳」一詞音\nㄨㄞˇ。,,
11,*1575,歭,ㄓˋ,,,,
12,1576,歸,ㄍㄨㄟ,于歸、歸國、\n完璧歸趙、歸\n納、歸順、歸\n併,,通「饋」時，\n音ㄎㄨㄟˋ。,
13,1577,歹,ㄉㄞˇ,,,,
14,1578,歾,ㄇㄛˋ,「叔詹曰：\n『楚王其不\n歾乎？』」\n（左傳‧僖公\n二十二年）,,通「刎」時，\n音ㄨㄣˇ。,
15,*1579,殑,ㄑ｜ㄥˊ,,,,
16,1580,殍,ㄆ｜ㄠˇ,,,,
17,*1581,殗,｜ㄝˋ,,,,
18,1582,殙,ㄏㄨㄣ,,,,
19,*1583,殟,ㄨㄣ,,,,
0,1584,殠,ㄔㄡˋ,,,,
1,1585,殣,ㄐ｜ㄣˇ,,,,
2,1586,殢,ㄊ｜ˋ,,,,
3,1587,殷,1.｜ㄣ\n2.｜ㄢ\n(限讀)\n3.｜ㄣˇ\n(限讀),1.殷商、殷\n實、殷勤、\n殷切期望、\n殷鑑不遠、\n姓（如晉代\n有殷浩）,2.限於「殷\n紅」一詞音\n｜ㄢ。\n3.限於「殷其\n雷。」（詩\n經）一詞音\n｜ㄣˇ。,,
4,1588,殺,1.ㄕㄚ\n2.ㄕㄞˋ,1.殺價、殺\n青、殺風\n景、殺一儆\n百\n2.其勢稍\n殺、隆殺、\n「德之殺\n也。」（儀\n禮‧士冠\n禮）、「親\n親之殺。」\n（禮記‧中\n庸）,,,
5,1589,殼,ㄎㄜˊ,,,,
6,*1590,殽,｜ㄠˊ,,,,
7,1591,毃,ㄑ｜ㄠ,,,,
8,*1592,毄,ㄐ｜ˊ,,,,
9,1593,毆,ㄡ,毆打、鬥毆、\n圍毆、毆傷,,通「驅」時，\n音ㄑㄩ。,
10,1594,毇,ㄏㄨㄟˇ,,,,
11,*1595,毋,ㄨˊ,,,,
0,1596,每,ㄇㄟˇ,每人、每逢、\n每下愈況、姓\n（如漢代有\n每當時）,,,
1,1597,毒,ㄉㄨˊ,毒藥、惡毒、\n毒品、狠毒,,通「玳」時，\n音ㄉㄞˋ。,
2,1598,比,1.ㄅ｜ˇ\n2.ㄅ｜ˋ,1.比較、對\n比、比方\n2.比肩、櫛次\n鱗比、朋比\n為奸、比比\n皆是,,,
3,*1599,毛,ㄇㄠˊ,,,,
4,1600,毣,ㄇㄠˋ,,,,
5,*1601,毳,ㄘㄨㄟˋ,,,,
6,1602,毻,ㄊㄨㄛˋ,,,,
7,1603,毹,ㄩˊ,,,,
8,1604,氂,ㄇㄠˊ,,,,
9,1605,氏,1.ㄕˋ\n2.ㄓ,1.伏羲氏、姓\n氏、張氏\n2.大月氏、月\n氏、閼氏（漢\n時匈奴君長\n的嫡妻）,,,
10,1606,氐,ㄉ｜,氐族、氐宿、\n「封君皆氐\n首仰給焉。」\n（漢書‧食貨\n志下）,,通「柢」、「抵」\n時，音\nㄉ｜ˇ。,
11,1607,氓,1.ㄇㄥˊ\n2.ㄇㄤˊ\n(限讀),1.歸氓,2.限於「流\n氓」一詞音\nㄇㄤˊ。,,
12,*1608,气,ㄑ｜ˋ,,,,
13,1609,氛,ㄈㄣ,,,,
0,*1610,氣,ㄑ｜ˋ,,,,
1,1611,氯,ㄌㄩˋ,,,,
2,*1612,氶,ㄓㄥˇ,,,,
3,1613,汀,ㄊ｜ㄥ,,,,
4,*1614,汁,ㄓ,,,,
5,1615,氾,ㄈㄢˋ,,,,
6,*1616,氿,ㄍㄨㄟˇ,,,,
7,1617,汃,ㄆㄚˋ,,,,
8,1618,汆,1.ㄘㄨㄢ\n2.ㄊㄨㄣˇ,1.汆湯\n2.「汆，水推\n物也。」（字\n彙‧水部）,,,
9,1619,汗,1.ㄏㄢˋ\n2.ㄏㄢˊ\n(限讀),1.汗水、汗\n衫、汗牛充\n棟、汗顏,2.限於「可\n汗」一詞音\nㄏㄢˊ。,,
10,1620,汙,ㄨ,,,,
11,*1621,池,ㄔˊ,,,,
12,1622,汏,ㄉㄞˋ,,,,
13,1623,汕,ㄕㄢˋ,,,,
14,*1624,汎,ㄈㄢˋ,,,,
15,1625,汋,ㄓㄨㄛˊ,,,,
16,1626,汞,ㄍㄨㄥˇ,,,,
17,1627,沉,ㄔㄣˊ,,,,
18,1628,沆,ㄏㄤˋ,,,,
19,1629,沈,ㄕㄣˇ,,,,依國字標準\n字體表\n「沈」、「沉」\n分開原則，\n「沈」取ㄕㄣ\nˇ，「沉」取\nㄔㄣˊ。
20,1630,汶,ㄨㄣˋ,「汶萊」（地\n名）,,,
0,1631,沄,ㄩㄣˊ,,,,
1,1632,沅,ㄩㄢˊ,,,,
2,*1633,決,ㄐㄩㄝˊ,,,,
3,1634,沛,ㄆㄟˋ,,,,
4,1635,沏,ㄑ｜,,,,
5,1636,汩,1.ㄍㄨˇ\n2.ㄩˋ,1.汩沒、汩\n亂、汩汩\n2.「汩余若將\n不及兮，恐\n年歲之不吾\n與。」（楚\n辭‧屈原‧\n離騷）,,,
6,1637,沖,ㄔㄨㄥ,,,,
7,*1638,沙,ㄕㄚ,,,,
8,1639,沒,1.ㄇㄛˋ\n2.ㄇㄟˊ,1.沉沒、沒收\n2.沒有、沒用,,,
9,1640,沕,ㄨˋ,,,,
10,1641,沃,ㄨㄛˋ,,,,
11,1642,沌,ㄉㄨㄣˋ,,,,
12,*1643,沂,｜ˊ,,,,
13,1644,沓,ㄊㄚˋ,,,,
14,1645,汧,ㄑ｜ㄢ,,,,
15,1646,沱,1.ㄊㄨㄛˊ\n2.ㄉㄨㄛˋ\n(限讀),1.沱江、滂沱,2.限於「澹\n沱」一詞音\nㄉㄢˋ\nㄉㄨㄛˋ。,,
16,*1647,泬,ㄒㄩㄝˋ,,,,
17,*1648,注,ㄓㄨˋ,,,,
18,*1649,泫,ㄒㄩㄢˋ,,,,
0,1650,泌,1.ㄇ｜ˋ\n2.ㄅ｜ˋ,1.分泌、泌尿\n2.泌水、泌陽,,,凡「必」之\n字有分讀\n者，原則上讀\nㄇ｜ˋ。
1,1651,泙,ㄆㄥ,,,,
2,1652,泯,ㄇ｜ㄣˇ,良心未泯、泯\n滅人性,,通「瞑眩」之\n「瞑」時，音\nㄇ｜ㄢˋ。,
3,*1653,沶,｜ˊ,,,,
4,1654,泓,ㄏㄨㄥˊ,,,,
5,1655,沸,ㄈㄟˋ,,,,
6,1656,沬,ㄇㄟˋ,沬鄉、「日中\n見沬。」（易\n經‧豐卦）,,通「」時，\n音ㄏㄨㄟˋ。,
7,1657,泥,1.ㄋ｜ˊ\n2.ㄋ｜ˋ,1.泥土、棗\n泥、拖泥帶\n水、爛醉如\n泥、泥娃娃\n2.拘泥、泥\n古、泥牆,,,
8,1658,法,1.ㄈㄚˇ\n2.ㄈㄚˊ\n(限讀),1.法律、效\n法、法國,2.限於「法\n子」一詞音\nㄈㄚˊ\n‧ㄗ。,,
9,*1659,泔,ㄍㄢ,,,,
10,1660,沽,ㄍㄨ,沽酒、沽名釣\n譽、沽河,,通「賈」時，\n音ㄍㄨˇ。,
11,1661,泄,1.ㄒ｜ㄝˋ\n2.｜ˋ,1.發泄、泄漏\n2.泄泄、泄沓,,,
12,1662,泐,ㄌㄜˋ,,,,
13,1663,泧,ㄩㄝˋ,,,,
14,1664,波,ㄅㄛ,,,,
15,1665,沷,ㄈㄨˊ,,,,
0,1666,沮,1.ㄐㄩ\n2.ㄐㄩˇ\n3.ㄐㄩˋ,1.沮河、沮溺\n2.沮喪、沮敗\n3.沮洳、沮澤,,,
1,*1667,泱,｜ㄤ,,,,
2,1668,沾,ㄓㄢ,,,,
3,*1669,泂,ㄐㄩㄥˇ,,,,
4,1670,泛,ㄈㄢˋ,泛舟、空泛、\n泛泛之交,,通「覂」時，\n音ㄈㄥˇ。,
5,1671,治,1.ㄓˋ\n2.ㄔˊ\n(限讀),1.縣治、政\n治、治理、\n診治、治\n國、治學,2.ㄔˊ僅用\n於姓氏及水\n名。,,
6,1672,泡,1.ㄆㄠˋ\n2.ㄆㄠ,1.泡茶、水\n泡、泡沫、\n泡泡糖\n2.一泡尿、鬆\n泡泡,,,
7,1673,泊,ㄅㄛˊ,,,,
8,1674,泭,ㄈㄨˊ,,,,
9,1675,泜,ㄔˊ,,,,
10,1676,沿,｜ㄢˊ,,,,
11,1677,洨,ㄒ｜ㄠˊ,,,,
12,1678,洟,｜ˊ,,,,
13,1679,洹,ㄏㄨㄢˊ,,,,
0,1680,洼,1.ㄨㄚ\n2.ㄍㄨㄟ,1.「大木百圍\n之竅，似洼\n者，似汙\n者。」（莊\n子‧齊物\n論）、「其\n高下之勢，\n岈然洼然。」\n（唐‧柳宗\n元‧始得西\n山宴遊記）\n2.姓（如漢代\n有洼丹）,,,
0,1681,洒,1.ㄒ｜ˇ\n2.ㄒ｜ㄢˇ\n3.ㄙㄚˇ\n4.ㄘㄨㄟˇ,1.「在上位者\n洒濯其心。」\n（左傳‧襄\n公二十一\n年）\n2.洒如、洒\n然、洒淅\n3.洒家、「灑」\n的異體字\n4.「新臺有\n洒。」（詩\n經‧邶風‧\n新臺）,,,
1,1682,洿,ㄨ,,,,
2,1683,洸,ㄍㄨㄤ,洸洋、「有洸\n有潰。」（詩\n經‧邶風‧谷\n風）,,通「恍」時，\n音ㄏㄨㄤˇ。,
3,1684,洩,1.ㄒ｜ㄝˋ\n2.｜ˋ,1.洩露、發洩\n2.「其樂也洩\n洩。」（左\n傳‧隱公元\n年）,,,
4,1685,洞,1.ㄉㄨㄥˋ\n2.ㄊㄨㄥˊ,1.山洞、洞房\n花燭、洞悉\n2.洪洞、澒洞,,,
5,1686,洮,1.ㄊㄠˊ\n2.｜ㄠˊ,1.洮河、洮汰\n2.洮湖,,,
6,*1687,洵,ㄒㄩㄣˊ,,,,
7,1688,洗,1.ㄒ｜ˇ\n2.ㄒ｜ㄢˇ,1.洗滌、洗劫\n2.洗馬、姓\n（明代有洗\n光）,,,
8,1689,洙,ㄓㄨ,,,,
0,1690,洚,ㄐ｜ㄤˋ,,,,
1,1691,洑,ㄈㄨˊ,,,,
2,*1692,洀,ㄓㄡ,,,,
3,*1693,洳,ㄖㄨˋ,,,,
4,1694,洽,ㄑ｜ㄚˋ,,,,
5,1695,浣,ㄨㄢˇ,,,,
6,1696,浪,ㄌㄤˋ,,,,
7,1697,涕,ㄊ｜ˋ,,,,
8,1698,浸,ㄐ｜ㄣˋ,,,,
9,1699,涒,1.ㄊㄨㄣ\n2.ㄐㄩㄣ,1.涒灘\n2.涒鄰,,,
10,*1700,涑,ㄙㄨˋ,,,,
11,*1701,涍,ㄒ｜ㄠˋ,,,,
12,*1702,浹,ㄐ｜ㄚˊ,,,,
13,*1703,浥,｜ˋ,,,,
14,*1704,涓,ㄐㄩㄢ,,,,
15,1705,涉,ㄕㄜˋ,涉獵、跋山涉\n水、涉險,,通「喋」時，\n音ㄉ｜ㄝˊ。,
16,1706,浮,ㄈㄨˊ,,,,
17,*1707,浩,ㄏㄠˋ,,,,
18,1708,浰,ㄌ｜ˋ,,,,
19,*1709,,ㄅㄤ,,,,
20,1710,浟,1.｜ㄡˊ\n2.ㄉ｜ˊ,1.浟浟（水流\n貌）\n2.浟浟（競求\n貌）,,,
21,*1711,涂,ㄊㄨˊ,,,,
22,1712,淙,ㄘㄨㄥˊ,,,,
23,1713,涫,ㄍㄨㄢˋ,,,,
24,*1714,涴,ㄨㄛˋ,,,,
25,*1715,涳,ㄎㄨㄥ,,,,
0,*1716,淚,ㄌㄟˋ,,,,
1,*1717,淳,ㄔㄨㄣˊ,,,,
2,1718,涼,1.ㄌ｜ㄤˊ\n2.ㄌ｜ㄤˋ,1.著涼、涼\n亭、涼了半\n截、涼爽、\n淒涼\n2.把熱水涼\n一涼再喝,,,
3,1719,淤,ㄩ,,,,
4,1720,液,｜ㄝˋ,,,,
5,1721,淡,1.ㄉㄢˋ\n2.｜ㄢˇ,1.淡黃、清淡\n2.淡淡（若隱\n若現貌）,,,
6,*1722,淒,ㄑ｜,,,,
7,*1723,淈,ㄍㄨˇ,,,,
8,1724,淢,ㄩˋ,,,,
9,1725,涷,ㄉㄨㄥ,,,,
10,*1726,淔,ㄔˋ,,,,
11,1727,淺,1.ㄑ｜ㄢˇ\n2.ㄐ｜ㄢ\n(限讀),1.膚淺、淺\n見、淺嚐、\n淺笑、淺綠,2.限於「淺\n淺」（流水\n貌）一詞音\nㄐ｜ㄢ。,,
12,1728,淋,ㄌ｜ㄣˊ,,,,
13,1729,涿,ㄓㄨㄛˊ,,,,
14,1730,淹,｜ㄢ,,,,
15,*1731,淌,ㄊㄤˇ,,,,
16,1732,混,1.ㄏㄨㄣˋ\n2.ㄎㄨㄣ\n(限讀),1.混合、混\n沌、混濁、\n混蛋、混淆,2.限於「混\n夷」一詞音\nㄎㄨㄣ。,,
0,1733,淠,1.ㄆ｜ˋ\n2.ㄆㄟˋ,1.「淠彼涇\n舟。」（詩\n經‧大雅‧\n棫樸）\n2.「其旂淠\n淠。」（詩\n經‧小雅‧\n采菽）,,,
1,1734,涸,ㄏㄜˊ,,,,
2,1735,淖,ㄋㄠˋ,,,,
3,1736,淜,ㄆ｜ㄥˊ,,,,
4,1737,淛,ㄓㄜˋ,,,,
5,1738,淰,1.ㄋ｜ㄢˇ\n2.ㄕㄣˇ,1.「山雲淰淰\n寒。」（唐‧\n杜甫‧放船\n詩）\n2.「故魚鮪不\n淰。」（禮\n記‧禮運）,,,
6,1739,凎,ㄍㄢˋ,,,,
7,1740,涎,ㄒ｜ㄢˊ,,,,
8,1741,渾,1.ㄏㄨㄣˊ\n2.ㄏㄨㄣˋ,1.渾然不\n覺、渾濁、\n渾渾噩噩、\n渾身解數\n2.渾天儀、渾\n元,,,
9,*1742,游,｜ㄡˊ,,,,
10,*1743,湔,ㄐ｜ㄢ,,,,
11,1744,湀,ㄍㄨㄟˇ,,,,
0,1745,湣,ㄇ｜ㄣˇ,「齊湣，宋獻\n是也。」（荀\n子‧王霸）,,1.通「瞑眩」\n之「瞑」時，\n音\nㄇ｜ㄢˋ。\n2.通「涽」\n時，音ㄏㄨ\nㄣ。,
1,*1746,渠,ㄑㄩˊ,,,,
2,1747,湮,｜ㄣ,,,,
3,1748,湑,ㄒㄩˇ,,,,
4,1749,湛,1.ㄓㄢˋ\n2.ㄉㄢ\n3.ㄓㄣˋ,1.精湛、湛藍\n2.子孫其\n湛、荒湛於\n酒\n3.「湛諸美\n酒。」（禮\n記‧內則）、\n「湛熾必\n絜。」（禮\n記‧月令）,,通「沉」時，\n音ㄔㄣˊ。,
5,1750,渫,1.ㄒ｜ㄝˋ\n2.ㄉ｜ㄝˊ,1.「井渫不\n食。」（易\n經‧井卦）\n2.浹渫、渫渫,,,
6,*1751,港,ㄍㄤˇ,,,,
7,1752,渣,ㄓㄚ,,,,
0,1753,湯,1.ㄊㄤ\n2.ㄕㄤ,1.菜湯、湯\n圓、湯藥、\n固若金湯、\n姓（如明代\n有湯顯祖）\n2.「浩浩湯\n湯，橫無際\n涯。」（宋‧\n范仲淹‧岳\n陽樓記）,,,
1,1754,湡,ㄩˊ,,,,
2,1755,渴,1.ㄎㄜˇ\n2.ㄏㄜˊ,1.口渴、渴\n2.袁家渴記\n（唐朝柳宗\n元所作）,,,
3,*1756,渱,ㄏㄨㄥˊ,,,,
4,*1757,渨,ㄨㄟ,,,,
5,1758,渦,1.ㄨㄛ\n2.ㄍㄨㄛ,1.漩渦、酒\n渦、渦輪\n2.渦河、渦陽,,,
6,1759,渃,ㄖㄨㄛˋ,,,,
7,*1760,渹,ㄏㄨㄥ,,,,
8,1761,湩,ㄉㄨㄥˋ,,,,
9,*1762,渙,ㄏㄨㄢˋ,,,,
10,1763,湫,1.ㄐ｜ㄡ\n2.ㄐ｜ㄠˇ,1.湫淵\n2.湫隘,,,
11,1764,渢,ㄈㄥˊ,,,,
12,1765,湓,ㄆㄣˊ,,,,
13,*1766,溉,ㄍㄞˋ,,,,
14,1767,溈,ㄍㄨㄟ,,,,
15,1768,溟,ㄇ｜ㄥˊ,,,,
16,*1769,滈,ㄏㄠˋ,,,,
17,1770,溓,ㄌ｜ㄢˊ,,,,
0,1771,溠,ㄓㄚˋ,,,,
1,*1772,溝,ㄍㄡ,,,,
2,1773,溺,ㄋ｜ˋ,沉溺、溺斃、\n溺愛、溺器,,通「尿」時，\n音ㄋ｜ㄠˋ。,
3,1774,溥,ㄆㄨˇ,溥天同慶、姓\n（如末代皇\n帝溥儀）,,通「敷」時，\n音ㄈㄨ。,
4,1775,溘,ㄎㄜˋ,,,,
5,1776,滇,ㄉ｜ㄢ,,,,
6,1777,滑,1.ㄏㄨㄚˊ\n2.ㄍㄨˇ,1.滑頭、滑\n雪、滑倒、\n光滑、滑稽\n2.滑稽,,,「滑稽」一詞\n口語音\nㄏㄨㄚˊ，於\n文言音\nㄍㄨˇ，如\n「滑稽列\n傳」、「突梯\n滑稽」。
7,*1778,溫,ㄨㄣ,,,,
8,1779,溦,ㄨㄟˊ,,,,
9,1780,滍,ㄓˋ,,,,
10,1781,滔,ㄊㄠ,,,,
11,1782,溪,ㄒ｜,,,,
12,*1783,準,ㄓㄨㄣˇ,,,,
13,1784,溜,1.ㄌ｜ㄡˋ\n2.ㄌ｜ㄡ,1.簷溜、水溜\n子、一溜煙\n2.溜課、溜\n冰、溜滑\n梯、酸溜\n溜、順口溜,,,
14,*1785,溲,ㄙㄡ,,,,
0,1786,滎,1.ㄒ｜ㄥˊ\n2.｜ㄥˊ,1.滎陽（縣\n名。在河南\n省）\n2.滎經（縣\n名。在四川\n省）,,,
1,1787,漷,ㄎㄨㄛˋ,,,,
2,1788,漩,ㄒㄩㄢˊ,,,,
3,1789,漲,1.ㄓㄤˋ\n2.ㄓㄤˇ,1.熱漲冷縮\n2.漲潮、漲\n價、水漲船\n高,,,體積膨大、物\n體湧起，音\nㄓㄤˋ；標準\n線增高，音\nㄓㄤˇ。
4,*1790,漏,ㄌㄡˋ,,,,
5,*1791,漣,ㄌ｜ㄢˊ,,,,
6,1792,漸,ㄐ｜ㄢˋ,,,,
7,1793,漚,1.ㄡˋ\n2.ㄡ,1.「汗漚得很\n難受！」\n2.浮漚,,,
8,1794,漕,ㄘㄠˊ,,,,
9,1795,漱,ㄕㄨˋ,,,,
10,1796,漂,1.ㄆ｜ㄠ\n2.ㄆ｜ㄠˇ\n3.ㄆ｜ㄠˋ,1.漂浮、漂泊\n2.漂母、漂白\n3.漂亮、漂\n賬、漂了,,,
11,*1797,滿,ㄇㄢˇ,,,,
12,1798,漆,ㄑ｜,,,,
13,1799,漻,ㄌ｜ㄠˊ,,,,
14,1800,漊,ㄌㄡˊ,,,,
15,1801,漫,ㄇㄢˋ,,,,
0,1802,漯,1.ㄊㄚˋ\n2.ㄌㄨㄛˋ,1.漯河（水\n名，在山東\n省）\n2.漯河（地\n名，在河南\n省）,,,
1,*1803,漼,ㄘㄨㄟˇ,,,,
2,*1804,滲,ㄕㄣˋ,,,,
3,1805,漎,ㄘㄨㄥˊ,,,,
4,1806,漿,ㄐ｜ㄤ,豆漿、泥漿、\n漿果、漿洗,,通「糨」時，\n音ㄐ｜ㄤˋ。,
5,1807,潾,ㄌ｜ㄣˊ,,,,
6,1808,澇,ㄌㄠˋ,,,,
7,*1809,潏,ㄐㄩㄝˊ,,,,
8,1810,澄,1.ㄉㄥˋ\n2.ㄔㄥˊ,1.澄沙、沙裡\n澄金、「把\n這盆水澄一\n澄。」\n2.澄明、澄清,,,
9,*1811,潚,ㄒ｜ㄠ,,,,
10,1812,潠,ㄒㄩㄣˋ,,,,
11,*1813,澆,ㄐ｜ㄠ,,,,
12,*1814,澍,ㄕㄨˋ,,,,
13,1815,澎,1.ㄆㄥ\n2.ㄆㄥˊ,1.澎湃、「澎\n了一身水。」\n2.澎湖（地\n名）,,,
14,1816,澉,ㄍㄢˇ,,,,
15,*1817,潭,ㄊㄢˊ,,,,
0,1818,濆,1.ㄈㄣˊ\n2.ㄆㄣ,1.「鋪敦淮\n濆。」（詩\n經‧大雅‧\n常武）\n2.濆泉,,,
1,1819,澌,ㄙ,,,,
2,*1820,潢,ㄏㄨㄤˊ,裝潢、潢池、\n潢汙,,,
3,*1821,潛,ㄑ｜ㄢˊ,,,,
4,1822,潦,1.ㄌㄠˇ\n2.ㄌ｜ㄠˊ,1.「水潦降。」\n（禮記‧曲\n禮）\n2.潦草、潦倒,,通「澇」時，\n音ㄌㄠˋ。,
5,1823,潬,ㄉㄢˋ,,,,
6,1824,潰,ㄎㄨㄟˋ,,,,
7,1825,澗,ㄐ｜ㄢˋ,,,,
8,1826,潘,ㄆㄢ,,,,
9,1827,潒,ㄉㄤˋ,,,,
10,*1828,澶,ㄔㄢˊ,,,,
11,*1829,澭,ㄩㄥ,,,,
12,1830,澣,ㄏㄨㄢˇ,,,,
13,1831,澠,1.ㄇ｜ㄣˇ\n2.ㄕㄥˊ\n(限讀),1.澠池,2.限於「澠\n水」一詞音\nㄕㄥˊ。,,
14,1832,濄,ㄍㄨㄛ,,,,
15,1833,濊,ㄏㄨㄟˋ,,,,
16,*1834,澤,ㄗㄜˊ,,,,
17,*1835,澴,ㄏㄨㄢˊ,,,,
18,1836,澹,1.ㄉㄢˋ\n2.ㄊㄢˊ\n(限讀),1.澹泊、「澹\n然獨與神明\n居。」（莊\n子‧天下）,2.限於「澹\n臺」（複姓）\n一詞音\nㄊㄢˊ。,,
0,1837,澳,ㄠˋ,,,,
1,*1838,澮,ㄎㄨㄞˋ,,,,
2,*1839,澩,ㄒㄩㄝˊ,,,,
3,1840,濘,ㄋ｜ㄥˋ,,,,
4,1841,濟,1.ㄐ｜ˇ\n2.ㄐ｜ˋ,1.人才濟\n濟、濟南\n2.同舟共\n濟、懸壺濟\n世、濟弱扶\n傾、無濟於\n事,,,
5,1842,濴,ㄒ｜ㄥˊ,,,,
6,*1843,濡,ㄖㄨˊ,,,,
7,*1844,濜,ㄐ｜ㄣˋ,,,,
8,1845,濤,ㄊㄠˊ,,,,
9,1846,濫,ㄌㄢˋ,,,,
10,1847,濔,ㄇ｜ˇ,,,,
11,*1848,濯,ㄓㄨㄛˊ,,,,
12,*1849,濕,1.ㄒ│ˊ\n2.ㄕ,2.「溼」之異\n體。,,,
13,1850,濛,ㄇㄥˊ,,,,
14,*1851,濭,ㄞˋ,,,,
15,1852,濩,ㄏㄨㄛˋ,,,,
16,*1853,濞,ㄆ｜ˋ,,,,
17,*1854,瀋,ㄕㄣˇ,,,,
18,1855,瀉,ㄒ｜ㄝˋ,,,,
19,1856,瀌,ㄅ｜ㄠ,,,,
20,1857,瀁,｜ㄤˋ,,,,
21,1858,瀆,ㄉㄨˊ,褻瀆、溝瀆,,通「竇」時，\n音ㄉㄡˋ。,
0,1859,濺,1.ㄐ｜ㄢˋ\n2.ㄐ｜ㄢ\n(限讀),1.浪花四\n濺、「感時\n花濺淚。」\n（唐‧杜\n甫‧春望詩）,2.限於「濺\n濺」（水流\n貌）一詞音\nㄐ｜ㄢ。,,
1,1860,瀑,1.ㄆㄨˋ\n2.ㄅㄠˋ,1.懸流飛\n瀑、瀑布\n2.瀑雨,,,
2,1861,瀎,ㄇ｜ㄝˋ,,,,
3,1862,濼,ㄌㄨㄛˋ,,,,
4,1863,瀙,ㄑ｜ㄣ,,,,
5,1864,瀧,1.ㄌㄨㄥˊ\n2.ㄕㄨㄤ,1.飛瀧、瀧瀧\n2.瀧岡、瀧水,,,
6,1865,瀠,｜ㄥˊ,,,,
7,1866,瀢,1.ㄉㄨㄟˋ\n2.ㄨㄟˇ,1.瀢\n2.「瀢，魚盛\n貌。」（廣\n韻）,,,
8,1867,瀕,ㄅ｜ㄣ,,,,
9,1868,瀼,ㄖㄤˊ,,,,
10,1869,瀵,ㄈㄣˋ,,,,
11,1870,瀰,ㄇ｜ˊ,,,,
12,1871,瀷,｜ˋ,,,,
13,1872,瀴,｜ㄥ,,,,
14,1873,瀾,1.ㄌㄢˊ\n2.ㄌㄢˋ,1.狂瀾、瀾瀾\n2.瀾汗,,,
15,1874,瀲,ㄌ｜ㄢˋ,,,,
16,1875,瀺,ㄔㄢˊ,,,,
17,1876,瀹,ㄩㄝˋ,,,,
0,1877,灂,1.ㄓㄨㄛˊ\n2.ㄐ｜ㄠˋ,1.「瀺灂霣\n墜。」（文\n選‧司馬相\n如‧上林賦）\n2.「良輈環\n灂。」（周\n禮‧冬官考\n工記‧輈人）,,,
1,1878,灊,ㄑ｜ㄢˊ,,,,
2,1879,灉,ㄩㄥ,,,,
3,*1880,灑,ㄙㄚˇ,,,,
4,1881,灡,ㄌㄢˊ,,,,
5,1882,灸,ㄐ｜ㄡˇ,,,,
6,*1883,炕,ㄎㄤˋ,,,,
7,1884,炔,ㄐㄩㄝˊ,,,,
8,1885,炊,ㄔㄨㄟ,,,,
9,*1886,炘,ㄒ｜ㄣ,,,,
10,1887,炅,ㄐㄩㄥˇ,,,,
11,1888,炙,ㄓˋ,,,,
12,*1889,炎,｜ㄢˊ,,,,
13,1890,炷,ㄓㄨˋ,,,,
14,*1891,炤,ㄓㄠˋ,,,,
15,1892,炮,1.ㄆㄠˊ\n2.ㄆㄠˋ\n3.ㄅㄠ,1.炮烙、炮煉\n2.槍炮、炮\n竹、炮彈\n3.炮羊肉、炮\n羊肚兒,,,
16,1893,炸,,1.炸彈、轟炸\n2.炸丸子、油\n炸、炸醬麵,,,
0,1894,為,1.ㄨㄟˊ\n2.ㄨㄟˋ,1.行為、為\n政、天下為\n公、為非作\n歹\n2.為什麼、為\n民服務,,,
1,1895,烜,ㄒㄩㄢˇ,,,,
2,1896,烓,ㄨㄟ,,,,
3,1897,烘,ㄏㄨㄥ,,,,
4,1898,烙,1.ㄌㄨㄛˋ\n讀\n2.ㄌㄠˋ\n語,1.炮烙\n2.烙餅、烙印,,,
5,*1899,烝,ㄓㄥ,,,,
6,*1900,烋,ㄒ｜ㄠ,,,,
7,*1901,烏,ㄨ,,,,
8,1902,焌,ㄐㄩㄣˋ,,,,
9,*1903,焉,｜ㄢ,,,,
10,1904,焞,ㄔㄨㄣˊ,,,,
11,1905,焜,ㄎㄨㄣ,,,,
12,1906,焰,｜ㄢˋ,,,,
13,1907,焚,ㄈㄣˊ,,,,
14,1908,無,1.ㄨˊ\n2.ㄇㄛˊ\n(限讀),1.無理、無\n論、無名\n火、無病呻\n吟,2.限於佛經\n「南無」一\n詞音ㄇㄛ\nˊ。,,
15,*1909,焦,ㄐ｜ㄠ,,,,
16,1910,焱,｜ㄢˋ,,,,
17,*1911,煇,ㄏㄨㄟ,,,,
18,*1912,煒,ㄨㄟˇ,,,,
19,*1913,煙,│ㄢ,,,,
20,1914,煠,ㄓㄚˊ,,,,
0,1915,煬,│ㄤˊ,,,,
1,1916,煆,ㄒ│ㄚˋ,,,,
2,1917,煌,ㄏㄨㄤˊ,,,,
3,1918,煖,ㄋㄨㄢˇ,,,,
4,1919,煔,ㄕㄢˋ,,,,
5,1920,煎,ㄐ│ㄢ,,,,
6,1921,煦,ㄒㄩˇ,,,,
7,1933,煞,1.ㄕㄚˋ\n2.ㄕㄚ,1.凶煞、煞費\n苦心、煞\n氣、煞有介\n事\n2.煞車、煞尾,,,
8,1923,煽,ㄕㄢ,,,,
9,1924,熐,ㄇ｜ㄥˊ,,,,
10,1925,熇,ㄏㄜˋ,,,,
11,1926,熉,ㄩㄣˊ,,,,
12,1927,熅,ㄩㄣˋ,,,,
13,1928,熏,ㄒㄩㄣ,,,,
14,*1929,熯,ㄏㄢˋ,,,,
15,1930,熠,｜ˋ,,,,
16,1931,熨,1.ㄩㄣˋ\n2.ㄩˋ\n(限讀),1.熨斗,2.限於「熨\n貼」一詞音\nㄩˋ。,,
17,1932,熟,ㄕㄡˊ,,,,ㄕㄨˊ\n（讀）、ㄕㄡ\nˊ（語）二音\n今皆通用，義\n亦無別，權取\n語音。
18,1933,熬,ㄠˊ,,,,
0,1934,燉,1.ㄉㄨㄣˋ\n2.ㄉㄨㄣ\n(限讀),1.燉雞、燉酒,2.限於「燉\n煌」一詞音\nㄉㄨㄣ。,,
1,1935,燐,ㄌ｜ㄣˊ,,,,
2,1936,燖,ㄒㄩㄣˊ,,,,
3,*1937,燒,ㄕㄠ,,,,
4,1938,燂,ㄑ｜ㄢˊ,,,,
5,1939,熿,ㄏㄨㄤˊ,,,,
6,1940,燎,ㄌ｜ㄠˊ,,,,
7,1941,燜,ㄇㄣˋ,,,,
8,1942,燀,1.ㄔㄢˇ\n2.ㄉㄢˇ,1.燀赫、「火\n災燀。」\n（國語‧周\n語下）\n2.燀熱,,,
9,1943,燁,｜ㄝˋ,,,,
10,*1944,燋,ㄐ｜ㄠ,,,,
11,1945,燕,1.｜ㄢˋ\n2.｜ㄢ,1.燕子、燕\n窩、燕尾服\n2.燕京、燕\n國、北燕,,,
12,1946,燄,｜ㄢˋ,,,,
13,1947,燥,1.ㄗㄠˋ\n2.ㄙㄠˋ,1.乾燥、燥熱\n2.燥子豆\n腐、肉燥,,,
14,1948,燠,ㄩˋ,,,,
15,1949,爁,ㄌㄢˋ,,,,
16,1950,燾,ㄊㄠˊ,,,,
17,1951,燿,｜ㄠˋ,,,,
18,1952,爌,ㄎㄨㄤˋ,「曠，空明\n也。……爌，\n上同。」（廣\n韻）,,通「晃」時，\n音ㄏㄨㄤˇ。,
0,1953,爆,ㄅㄠˋ,,,,
1,1954,爇,ㄖㄜˋ,,,,
2,*1955,爓,｜ㄢˋ,,,,
3,1956,爚,ㄩㄝˋ,,,,
4,1957,爞,ㄔㄨㄥˊ,,,,
5,1958,爪,1.ㄓㄠˇ\n讀\n2.ㄓㄨㄚˇ\n語,1.爪痕、雞\n爪、爪牙\n2.爪子、三爪\n鍋,,,凡「爪」加詞\n綴「子」時，\n「爪」一律讀\nㄓㄨㄚˇ。
6,*1959,爭,ㄓㄥ,,,,
7,1960,爵,ㄐㄩㄝˊ,爵位、爵士舞,,通「雀」時，\n音ㄑㄩㄝˋ。,
8,1961,父,1.ㄈㄨˋ\n2.ㄈㄨˇ,1.父親、伯父\n2.仲父、漁父,,,
9,1962,爹,ㄉ｜ㄝ,,,,
10,1963,爻,｜ㄠˊ,,,,
11,1964,爿,1.ㄑ｜ㄤˊ\n2.ㄅㄢˋ,1.部首字\n2.一爿、竹\n爿、瓦爿,,,
12,1965,片,ㄆ｜ㄢˋ,,,,
13,1966,牏,ㄊㄡˊ,,,,
14,*1967,牚,ㄔㄥ,,,,
15,1968,牟,1.ㄇㄡˊ\n2.ㄇㄨˋ\n(限讀),1.牟利、釋迦\n牟尼、姓（如\n當代中國哲\n學家牟宗\n三）,2.限於「牟平\n縣」（山東\n省縣名）一\n詞音ㄇㄨ\nˋ。,,
16,1969,牡,ㄇㄨˇ,,,,
17,1970,牠,ㄊㄚ,,,,
18,*1971,牽,ㄑ｜ㄢ,,,,
19,1972,犁,ㄌ｜ˊ,,,,
20,*1973,犆,ㄓˊ,,,,
0,*1974,犄,ㄐ｜,,,,
1,1975,犍,1.ㄐ｜ㄢ\n2.ㄑ｜ㄢˊ\n(限讀),1.「買得烏犍\n遇歲穰。」\n（宋‧陸\n游‧詠稻飯\n詩）,2.限於「犍\n為」（四川\n省縣名）一\n詞音ㄑ｜ㄢ\nˊ。,,
2,1976,犕,ㄅㄟˋ,「犕，牛八歲\n也。」（玉篇）,,通「服」時，\n音ㄈㄨˊ。,
3,1977,犛,ㄌ｜ˊ,,,,
4,1978,犦,ㄅㄠˋ,,,,
5,1979,犧,ㄒ｜,,,,
6,1980,犴,ㄢˋ,,,,
7,1981,犿,ㄏㄨㄢ,,,,
8,1982,狋,｜ˊ,,,,
9,1983,狔,ㄋ｜ˇ,,,,
10,1984,狚,ㄉㄢˋ,,,,
11,1985,狙,ㄐㄩ,,,,
12,1986,狌,ㄕㄥ,,,,
13,1987,狊,ㄐㄩˋ,,,,
14,1988,狩,ㄕㄡˋ,,,,
15,*1989,狠,ㄏㄣˇ,,,,
16,1990,狪,ㄊㄨㄥˊ,,,,
17,1991,狼,ㄌㄤˊ,,,,
18,1992,狴,ㄅ｜ˋ,,,,
19,1993,狶,ㄒ｜,,,,
20,1994,猗,1.｜\n2.｜ˇ\n3.ㄜˇ\n(限讀),1.「猗嗟昌\n兮。」（詩\n經‧齊風‧\n猗嗟）\n2.「猗于畝\n丘。」（詩\n經‧小雅‧\n巷伯）,3.限於「猗\n儺」一詞音\nㄜˇ。,,
0,1995,猇,ㄒ｜ㄠ,,,,
1,*1996,猒,｜ㄢˋ,,,,
2,1997,猵,ㄅ｜ㄢ,,,,
3,*1998,猶,｜ㄡˊ,,,,
4,*1999,猱,ㄋㄠˊ,,,,
5,2000,猩,ㄒ｜ㄥ,,,,
6,2001,猲,1.ㄒ｜ㄝ\n2.ㄏㄜˋ,1.猲獢\n2.「恫疑虛\n猲。」（戰\n國策‧齊策\n一）,,,
7,2002,猰,｜ㄚˋ,,,,
8,2003,猼,ㄅㄛˊ,,,,
9,2004,獂,ㄩㄢˊ,,,,
10,2005,獃,ㄉㄞ,,,,
11,2006,獌,ㄇㄢˋ,,,,
12,*2007,獟,｜ㄠˋ,,,,
13,2008,獠,ㄌ｜ㄠˊ,,,,
14,*2009,獦,ㄍㄜˊ,,,,
15,2010,獥,ㄐ｜ㄠˋ,,,,
16,2011,獪,ㄎㄨㄞˋ,,,,
17,2012,獳,1.ㄋㄡˋ\n2.ㄖㄨˊ\n(限讀),1.「獳，怒犬\n貌。」（說\n文）,2.限於「朱\n獳」一詞音\nㄖㄨˊ。,,
18,2013,獲,ㄏㄨㄛˋ,,,,
19,2014,獷,ㄍㄨㄤˇ,,,,
20,2015,獶,ㄋㄠˊ,,,,
21,2016,獺,ㄊㄚˋ,,,,
22,*2017,獻,ㄒ｜ㄢˋ,,,,
23,*2018,獿,ㄋㄠˊ,,,,
0,2019,玆,1.ㄒㄩㄢˊ\n2.ㄗ,1.「玆，黑\n也，二\n玄。」（說\n文）、玆白\n2.「茲」的異\n體字,,,
1,2020,率,1.ㄕㄨㄞˋ\n2.ㄌㄩˋ,1.表率、率\n領、率由舊\n章、草率、\n坦率、率同\n2.速率、或然\n率、「刻燭\n為詩，四韻\n則刻一寸，\n以此為率。」\n（梁書‧王\n僧孺傳）,,,
2,2021,王,1.ㄨㄤˊ\n2.ㄨㄤˋ,1.國王、王\n法、拳王\n2.王天下,,,文言動詞音\nㄨㄤˋ。
3,*2022,玉,ㄩˋ,,,,
4,2023,玎,ㄉ｜ㄥ,,,,
5,2024,玟,ㄨㄣˊ,,,,
6,2025,玩,ㄨㄢˊ,,,,
7,2026,玭,ㄆ｜ㄣˊ,,,,
8,2027,玢,ㄅ｜ㄣ,,,,
9,*2028,玷,ㄉ｜ㄢˋ,,,,
10,2029,珥,ㄦˇ,,,,
11,*2030,玼,ㄘˇ,,,,
12,*2031,琅,ㄌㄤˊ,,,,
13,2032,珶,ㄉ｜ˋ,,,,
14,2033,琄,ㄒㄩㄢˋ,,,,
15,2034,珵,ㄔㄥˊ,,,,
0,2035,琁,ㄒㄩㄢˊ,,,,
1,2036,琇,ㄒ｜ㄡˋ,,,,
2,2037,琀,ㄏㄢˋ,,,,
3,2038,琮,ㄘㄨㄥˊ,,,,
4,*2039,琯,ㄍㄨㄢˇ,,,,
5,2040,琛,ㄔㄣ,,,,
6,2041,瑊,ㄓㄣ,,,,
7,2042,瑒,1.ㄔㄤˋ\n2.｜ㄤˊ\n(限讀),1.瑒圭,2.限於「應\n瑒」（人\n名。三國時\n魏人，建安\n七子之一）\n一詞音｜ㄤ\nˊ。,,
8,2043,瑁,ㄇㄟˋ,,,,
9,2044,瑯,ㄌㄤˊ,,,,
10,2045,瑳,ㄘㄨㄛ,,,,
11,2046,瑱,ㄊ｜ㄢˋ,,,,
12,*2047,瑲,ㄑ｜ㄤ,,,,
13,2048,瑩,｜ㄥˊ,,,,
14,2049,璉,ㄌ｜ㄢˊ,,,,
15,2050,瑾,ㄐ｜ㄣˇ,,,,
16,2051,璁,ㄘㄨㄥ,,,,
17,*2052,璅,ㄙㄨㄛˇ,,,,
18,2053,璘,ㄌ｜ㄣˊ,,,,
19,2054,璚,ㄐㄩㄝˊ,「璚，玉佩\n也。」（說文）,,通「瓊」時，\n音ㄑㄩㄥˊ。,
20,2055,璟,ㄐ｜ㄥˇ,,,,
21,*2056,璸,ㄅ｜ㄣ,,,,
22,2057,瓀,ㄖㄨㄢˇ,,,,
23,*2058,瓟,ㄆㄠˊ,,,,
24,2059,瓠,ㄏㄨˋ,,,,
0,2060,瓦,ㄨㄚˇ,,,,
1,2061,瓽,ㄉㄤˋ,,,,
2,2062,瓿,ㄆㄡˇ,,,,
3,2063,甀,ㄓㄨㄟˋ,,,,
4,*2064,甄,ㄓㄣ,,,,
5,2065,甈,ㄑ｜ˋ,,,,
6,2066,甔,ㄉㄢ,,,,
7,2067,甗,｜ㄢˇ,,,,
8,2068,甚,1.ㄕㄣˋ\n2.ㄕㄣˊ,1.甚好、甚\n至、欺人太\n甚\n2.甚麼、作\n甚、甚處,,,
9,2069,生,ㄕㄥ,,,,
10,*2070,甫,ㄈㄨˇ,,,,
11,2071,甯,ㄋ｜ㄥˋ,甯邑、姓（如\n春秋時韓國\n有甯戚）,,通「寧」時，\n音ㄋ｜ㄥˊ。,
12,2072,田,ㄊ｜ㄢˊ,田園、田徑、\n「以田以\n漁。」（易\n經‧繫辭\n下）、「令民\n得田之。」\n（漢書‧高帝\n紀）、姓（如\n戰國時魏國\n有田子方）,,通「佃」時，\n音ㄉ｜ㄢˋ。,
13,2073,甲,ㄐ｜ㄚˇ,,,,
0,2074,町,1.ㄊ｜ㄥˇ\n2.ㄉ｜ㄥ,1.町畦、「町\n畽鹿場。」\n（詩經‧豳\n風‧東山）\n2.西門町、東\n門町,,,町，音ㄉ｜ㄥ\n時，特指臺北\n區名的俗稱。
1,*2075,甸,ㄉ｜ㄢˋ,,,,
2,2076,甿,ㄇㄥˊ,,,,
3,*2077,甽,ㄑㄩㄢˇ,,,,
4,2078,畎,ㄑㄩㄢˇ,,,,
5,2079,畇,ㄩㄣˊ,,,,
6,2080,畋,ㄊ｜ㄢˊ,,,,
7,2081,畝,ㄇㄨˇ,,,,
8,2082,畛,ㄓㄣˇ,,,,
9,2083,畜,1.ㄔㄨˋ\n2.ㄒㄩˋ,1.畜生、家畜\n2.畜產、畜\n養、畜牧,,,
10,*2084,畤,ㄓˋ,,,,
11,2085,畦,ㄑ｜ˊ,,,,
12,2086,番,1.ㄈㄢ\n2.ㄆㄢ,1.紅番、番\n邦、三番兩\n次、更番、\n番薯、番茄\n2.番禺（地\n名）,,,
13,2087,畬,1.ㄩˊ\n2.ㄕㄜ,1.「不耕穫，\n不菑畬，則\n利有攸往。」\n（易經‧\n妄卦）\n2.畬民、燒畬,,,
0,2088,當,1.ㄉㄤ\n2.ㄉㄤˋ,1.當權、當\n選、當時、\n安步當車、\n當機立斷、\n當作（應當\n作）、當年、\n當日\n2.當鋪、勾\n當、當年、\n當日、當作\n（視為、認\n為是）,,通「擋」時，\n音ㄉㄤˇ。,音ㄉㄤˋ的\n「當年」、「當\n日」為同一\n年、同一日的\n意思；與音\nㄉㄤ的「當\n年」、「當日」\n意思不同。
1,2089,畿,ㄐ｜,,,,
2,*2090,疆,ㄐ｜ㄤ,,,,
3,2091,疊,ㄉ｜ㄝˊ,,,,
4,2092,疋,ㄕㄨ,「疋，足也。」\n（廣韻）,,通「布匹」之\n「匹」時，音\nㄆ｜ˇ。通\n「雅」時，音\n｜ㄚˇ。,
5,2093,疏,ㄕㄨ,,,,
6,*2094,疐,ㄓˋ,,,,
7,2095,疕,ㄅ｜ˇ,,,,
8,2096,疝,ㄕㄢˋ,,,,
9,2097,疙,ㄍㄜ,,,,
10,2098,疽,ㄐㄩ,,,,
11,2099,疸,ㄉㄢˇ,,,,
12,2100,痁,ㄉ｜ㄢˋ,,,,
13,2101,疼,ㄊㄥˊ,,,,
14,*2102,疹,ㄓㄣˇ,,,,
15,2103,痎,ㄐ｜ㄝ,,,,
16,2104,痒,｜ㄤˇ,,,,
17,2105,疵,ㄘ,,,,
0,2106,痑,ㄊㄨㄛ,,,,
1,2107,痡,ㄆㄨ,,,,
2,2108,痞,ㄆ｜ˇ,,,,
3,2109,痗,ㄇㄟˋ,,,,
4,2110,痯,ㄍㄨㄢˇ,,,,
5,2111,瘀,ㄩ,,,,
6,2112,痾,ㄜ,,,,
7,2113,痶,ㄉ｜ㄢˇ,,,,
8,2114,痴,ㄔ,,,,
9,2115,痱,ㄈㄟˋ,,,,
10,2116,痿,ㄨㄟˇ,,,,
11,2117,痺,1.ㄅ｜ˋ\n2.ㄅㄟ,1.麻痺\n2.「鷯鶉，其\n雄鶛，牝\n痺。」（爾\n雅‧釋鳥）,,,
12,2118,痳,ㄌ｜ㄣˊ,,,,
13,2119,瘌,ㄌㄚˋ,,,,
14,2120,瘕,ㄐ｜ㄚˇ,,,,
15,2121,瘑,ㄍㄨㄛ,,,,
16,2122,瘧,ㄋㄩㄝˋ,,,,
17,2123,瘉,ㄩˋ,,,,
18,2124,瘈,1.ㄐ｜ˋ\n2.ㄑ｜ˋ,1.「瘈，狂\n也。」（集\n韻）\n2.瘈瘲,,,
19,2125,瘥,ㄔㄞˋ,,,,
20,*2126,瘠,ㄐ｜ˊ,,,,
21,2127,瘙,ㄙㄠ,,,,
22,*2128,瘣,ㄏㄨㄟˋ,,,,
23,2129,,ㄌㄡˋ,,,,
24,2130,癆,ㄌㄠˊ,,,,
0,2131,療,ㄌ｜ㄠˊ,,,,
1,2132,癉,1.ㄉㄢˋ\n2.ㄉㄢ,1.癉暑、「彰\n善癉惡。」\n（書經‧畢\n命）\n2.火癉,,,
2,2133,癌,ㄞˊ,,,,
3,2134,癤,ㄐ｜ㄝˊ,,,,
4,*2135,癐,ㄨㄟ,,,,
5,2136,癠,ㄐ｜ˋ,,,,
6,2137,癟,ㄅ｜ㄝˇ,,,,
7,*2138,癩,ㄌㄞˋ,,,,
8,2139,癬,ㄒ｜ㄢˇ,,,,
9,2140,癹,ㄅㄚˊ,,,,
10,2141,發,ㄈㄚ,,,,
11,*2142,登,ㄉㄥ,,,,
12,2143,白,ㄅㄞˊ,,,,
13,2144,百,1.ㄅㄞˇ\n2.ㄅㄛˊ\n(限讀),1.百分數、百\n貨、百感交\n集、百無禁\n忌、百家姓,2.限於「百\n色」一詞音\nㄅㄛˊ。,,
14,2145,,ㄒ｜ㄤ,,,,
15,2146,的,1.ㄉ｜ˋ\n2.ㄉ｜ˊ\n3.‧ㄉㄜ,1.目的、標的\n2.的確\n3.美麗的、慢\n慢的,,,
16,*2147,皇,ㄏㄨㄤˊ,,,,
17,*2148,皋,ㄍㄠ,,,,
18,2149,皖,ㄨㄢˇ,,,,
19,*2150,皛,ㄒ｜ㄠˋ,,,,
20,2151,皭,ㄐ｜ㄠˋ,,,,
21,2152,皯,ㄍㄢˇ,,,,
0,2153,皵,ㄑㄩㄝˋ,,,,
1,*2154,皽,ㄓㄢˇ,,,,
2,2155,皿,ㄇ｜ㄣˇ,,,,
3,*2156,盅,ㄓㄨㄥ,,,,
4,2157,益,｜ˋ,,,,
5,2158,盉,ㄏㄜˊ,,,,
6,2159,盓,ㄨ,,,,
7,2160,盛,1.ㄕㄥˋ\n2.ㄔㄥˊ,1.盛情難\n卻、盛氣凌\n人、興盛、\n盛會、姓（如\n清代有盛宣\n懷）\n2.盛飯、粢\n盛、盛湯,,,
8,2161,盟,ㄇㄥˊ,海誓山盟、結\n盟、盟邦,,通「孟津」之\n「孟」時，音\nㄇㄥˋ。,
9,*2162,盡,ㄐ｜ㄣˋ,,,,
10,2163,監,1.ㄐ｜ㄢ\n2.ㄐ｜ㄢˋ,1.監獄、監\n督、監視、\n監察院\n2.太監、國子\n監、祕書監,,,
11,2164,盥,ㄍㄨㄢˋ,,,,
12,2165,盪,ㄉㄤˋ,,,,
13,2166,盯,1.ㄉ｜ㄥ\n2.ㄔㄥ,1.盯梢、緊盯\n人迫\n2.盯,,,
14,*2167,盲,ㄇㄤˊ,,,,
15,*2168,眈,ㄉㄢ,,,,
16,*2169,眃,ㄩㄣˊ,,,,
17,2170,眄,ㄇ｜ㄢˇ,,,,
0,2171,眇,ㄇ｜ㄠˇ,眇小、「眇能\n視，跛能履。」\n（易經‧履\n卦）,,通「妙」時，\n音ㄇ｜ㄠˋ。,
1,2172,盷,ㄒㄩㄢˊ,,,,
2,*2173,眊,ㄇㄠˋ,,,,
3,2174,盹,ㄉㄨㄣˇ,,,,
4,2175,盻,ㄒ｜ˋ,,,,
5,2176,省,1.ㄕㄥˇ\n2.ㄒ｜ㄥˇ,1.省分、節\n省、中書省\n2.反省、省\n親、省悟、\n省視,,,
6,2177,看,1.ㄎㄢˋ\n2.ㄎㄢ,1.看見、看\n病、試試\n看、看板\n2.看門、看\n守、看護、\n看押,,,凡有「守」\n義，皆音ㄎ\nㄢ。
7,2178,盾,ㄉㄨㄣˋ,,,,
8,2179,相,1.ㄒ｜ㄤ\n2.ㄒ｜ㄤˋ,1.相像、相親\n相愛、互相\n2.福相、吃\n相、丞相、\n相親,,,
9,*2180,眩,ㄒㄩㄢˋ,,,,
10,2181,眠,ㄇ｜ㄢˊ,冬眠、眠思夢\n想、「幽人應\n未眠。」\n（唐‧韋應\n物‧寄丘員外\n詩）,,通「瞑眩」之\n「瞑」時，音\nㄇ｜ㄢˋ。,
11,2182,眒,ㄕㄣ,,,,
0,2183,眙,1.ㄔˋ\n2.｜ˊ\n(限讀),1.「目眙不\n禁。」（史\n記‧滑稽傳‧\n淳于髡傳）,2.限於「盱\n眙」（地名）\n一詞音｜\nˊ。,,
1,2184,眑,｜ㄠˇ,,,,
2,2185,眢,ㄩㄢ,,,,
3,2186,眯,1.ㄇ｜ˇ\n2.ㄇ｜,1.「砂子眯了\n眼。」\n2.眯瞝,,,
4,2187,眶,ㄎㄨㄤ,,,,
5,2188,眱,｜ˊ,,,,
6,*2189,眼,｜ㄢˇ,,,,
7,*2190,眭,ㄙㄨㄟ,,,,
8,2191,眲,ㄋㄜˋ,,,,
9,2192,眳,ㄇ｜ㄥˊ,,,,
10,*2193,眴,ㄒㄩㄢˋ,,,,
11,2194,眽,ㄇㄛˋ,,,,
12,2195,眥,ㄗˋ,,,,
13,*2196,眾,ㄓㄨㄥˋ,,,,
14,2197,睇,ㄉ｜ˋ,,,,
15,*2198,睕,ㄨㄢˇ,,,,
16,2199,睚,｜ㄞˊ,,,,
17,*2200,睢,ㄙㄨㄟ,,,,
18,2201,睪,1.｜ˋ\n2.ㄍㄠ,1.「睪，司視\n也。」（說\n文）\n2.「睾」的異\n體字,,,
19,2202,睽,ㄎㄨㄟˊ,,,,
20,2203,睼,ㄊ｜ˊ,,,,
21,2204,瞀,ㄇㄠˋ,,,,
22,*2205,睾,ㄍㄠ,,,,
0,2206,瞑,1.ㄇ｜ㄥˊ\n2.ㄇ｜ㄢˋ,1.瞑目\n2.瞑眩,,通「眠」時，\n音ㄇ｜ㄢˊ。,
1,2207,瞇,ㄇ｜,,,,
2,2208,瞍,ㄙㄡˇ,,,,
3,*2209,瞏,ㄑㄩㄥˊ,,,,
4,2210,瞟,ㄆ｜ㄠˇ,,,,
5,*2211,瞞,ㄇㄢˊ,,,,
6,2212,瞜,ㄌㄡ,,,,
7,2213,瞢,ㄇㄥˊ,昏瞢、瞢昧,,通「夢」時，\n音ㄇㄥˋ。,
8,2214,瞵,ㄌ｜ㄣˊ,,,,
9,2215,瞪,ㄉㄥˋ,,,,
10,*2216,瞫,ㄕㄣˇ,,,,
11,2217,瞭,1.ㄌ｜ㄠˇ\n2.ㄌ｜ㄠˋ\n(限讀),1.瞭亮、瞭\n然、瞭如指\n掌,2.限於「瞭\n望」一詞音\nㄌ｜ㄠˋ。,,
12,2218,瞶,ㄍㄨㄟˋ,,,,
13,2219,瞿,1.ㄑㄩˊ\n2.ㄐㄩˋ,1.瞿塘峽、姓\n（如明代有\n瞿佑）\n2.瞿然,,,
14,2220,矉,ㄆ｜ㄣˊ,,,,
15,2221,矇,1.ㄇㄥˊ\n2.ㄇㄥ,1.矇矓、矇叟\n2.矇騙、矇矇\n亮,,,
16,2222,矌,ㄎㄨㄤˋ,,,,
17,2223,矎,ㄒㄩㄢ,,,,
18,2224,矐,ㄏㄨㄛˋ,,,,
19,*2225,矔,ㄍㄨㄢˋ,,,,
20,2226,矕,ㄇㄢˇ,,,,
0,2227,矜,ㄐ｜ㄣ,驕矜、「居以\n凶矜。」（詩\n經‧小雅‧苑\n柳）、「君子\n矜而不爭。」\n（論語‧衛靈\n公）,,通「鰥」、「瘝」\n時，音\nㄍㄨㄢ。,
1,2228,矞,ㄩˋ,矞皇、矞雲,,通「譎」時，\n音ㄐㄩㄝˊ。,
2,2229,矠,1.ㄘㄜˋ\n2.ㄗㄜˊ,1.「矠，矛\n屬。」（說\n文）\n2.「獸虞於是\n乎禁罝羅，\n矠魚鱉以為\n夏犒，助生\n阜也。」（國\n語‧魯語上）,,,
3,2230,知,ㄓ,求知、知識、\n知府、知道,,通「智」時，\n音ㄓˋ。,
4,2231,矱,ㄏㄨㄛˋ,,,,
5,2232,石,1.ㄕˊ\n2.ㄉㄢˋ,1.石頭、藥石\n2.「三十斤為\n鈞，四鈞為\n石。」（漢\n書‧律曆志\n上）,,,
6,2233,矸,ㄍㄢ,,,,
7,2234,矼,1.ㄑ｜ㄤ\n2.ㄐ｜ㄤ,1.「德厚信\n矼。」（莊\n子‧人間世）\n2.「矼，堅實\n貌。」（集\n韻）、石矼,,,
8,2235,矻,ㄎㄨˋ,,,,
0,2236,矺,ㄊㄨㄛ,,,,
1,2237,砌,1.ㄑ｜ˋ\n2.ㄑ｜ㄝˋ\n(限讀),1.堆砌、砌\n牆、「雕闌\n玉砌應猶\n在。」（南\n唐‧李煜‧\n虞美人詞）,2.限於「砌\n末」一詞音\nㄑ｜ㄝˋ。,,
2,2238,砏,ㄅ｜ㄣ,,,,
3,2239,砎,ㄐ｜ㄝˋ,,,,
4,2240,砉,ㄏㄨㄛˋ,,,,
5,2241,研,｜ㄢˊ,研究、研討、\n研判、研擬,,通「硯」時，\n音｜ㄢˋ。,
6,2242,砫,ㄓㄨˋ,,,,
7,2243,砰,ㄆㄥ,,,,
8,2244,砢,ㄌㄨㄛˇ,,,,
9,2245,砝,ㄈㄚˇ,,,,ㄈㄚˊ為變\n調音，併入\nㄈㄚˇ。
10,2246,砠,ㄐㄩ,,,,
11,2247,砭,ㄅ｜ㄢ,,,,
12,2248,砟,ㄓㄚˋ,,,,
13,2249,砥,ㄉ｜ˇ,,,,
14,2250,砮,ㄋㄨˇ,,,,
15,*2251,硎,ㄒ｜ㄥˊ,,,,
16,2252,硍,ㄎㄥ,,,,
17,*2253,硊,ㄨㄟˇ,,,,
0,2254,硌,1.ㄍㄜˋ\n2.ㄌㄨㄛˋ,1.硌吱、硌\n登、咯牙、\n「鞋裡有顆\n小石頭硌得\n腳好疼！」\n2.「上無草\n木，而多硌\n石。」（山\n海經‧南山\n經）,,,
1,2255,硠,ㄌㄤˊ,,,,
2,*2256,硜,ㄎㄥ,,,,
3,*2257,硝,ㄒ｜ㄠ,,,,
4,2258,硪,ㄜˊ,,,,
5,2259,确,ㄑㄩㄝˋ,,,,
6,2260,硰,ㄕㄚ,,,,
7,2261,硩,ㄔㄜˋ,,,,
8,2262,碕,ㄑ｜ˊ,,,,
9,2263,硼,ㄆㄥˊ,,,,
10,*2264,碌,ㄌㄨˋ,,,,
11,2265,碓,ㄉㄨㄟˋ,碓房、碓舂碓\n投、碓顙、,,通「堆」時，\n音ㄉㄨㄟ。,
12,2266,碆,ㄅㄛ,,,,
13,2267,碪,ㄓㄣ,,,,
14,*2268,碟,ㄉ｜ㄝˊ,,,,
15,2269,碩,ㄕㄨㄛˋ,,,,
16,*2270,碭,ㄉㄤˋ,,,,
17,*2271,碣,ㄐ｜ㄝˊ,,,,
18,2272,碨,ㄨㄟ,,,,
0,2273,硾,ㄓㄨㄟˋ,「是拯溺而\n硾之以石\n也，是救病而\n飲之以堇\n也。」（呂氏\n春秋‧孟夏\n紀‧勸學）,,通「捶」時，\n音ㄔㄨㄟˊ。,
1,2274,磍,ㄐ｜ㄚˊ,,,,
2,2275,磅,1.ㄅㄤˋ\n2.ㄆㄤ,1.磅秤、過\n磅、兩磅肉\n2.磅礡,,,
3,*2276,碻,ㄑㄩㄝˋ,,,,
4,2277,磋,ㄘㄨㄛ,,,,
5,2278,碾,ㄋ｜ㄢˇ,,,,
6,*2279,磕,ㄎㄜ,,,,
7,2280,磌,ㄊ｜ㄢˊ,,,,
8,2281,磑,ㄨㄟˋ,,,,
9,2282,磈,ㄎㄨㄟˇ,,,,
10,*2283,磃,ㄙ,,,,
11,*2284,磝,ㄠˊ,,,,
12,2285,磪,ㄘㄨㄟ,,,,
13,2286,磨,1.ㄇㄛˊ\n2.ㄇㄛˋ,1.磨刀、磨\n練、磨牙、\n好事多磨\n2.石磨、磨麵\n、磨豆腐,,,凡以磨子碾\n碎之動作，音\nㄇㄛˋ；其餘\n動作音\nㄇㄛˊ。
14,2287,磷,ㄌ｜ㄣˊ,,,,
15,2288,磳,ㄗㄥ,,,,
16,2289,磴,ㄉㄥˋ,,,,
17,2290,磽,ㄑ｜ㄠ,,,,
0,2291,磻,1.ㄆㄢˊ\n2.ㄅㄛ,1.磻溪\n2.「流磻平\n皋，垂綸長\n川。」（文\n選‧嵇康‧\n贈秀才入軍\n詩五首之\n四）,,,
1,*2292,礌,ㄌㄟˋ,,,,
2,2293,礉,1.ㄏㄜˊ\n2.ㄑ｜ㄠˋ,1.「其極慘礉\n少恩。」（史\n記‧韓非\n傳‧贊曰）\n2.礉磽,,,
3,*2294,礐,ㄑㄩㄝˋ,,,,
4,2295,礛,ㄐ｜ㄢ,,,,
5,2296,礜,ㄩˋ,,,,
6,2297,礦,ㄎㄨㄤˋ,,,,
7,2298,礥,ㄒ｜ㄢˊ,,,,
8,2299,礧,ㄌㄟˊ,「觸曲以\n縈繞，駭崩浪\n而相礧。」\n（文選‧郭\n璞‧江賦）,,通「磊」時，\n音ㄌㄟˇ。,
9,2300,礫,ㄌ｜ˋ,,,,
10,2301,礱,ㄌㄨㄥˊ,,,,
11,*2302,示,ㄕˋ,,,,
12,2303,礿,ㄩㄝˋ,,,,
13,2304,祉,ㄓˇ,,,,
14,2305,祋,ㄉㄨㄟˋ,,,,
15,2306,祌,ㄓㄨㄥˋ,,,,
0,2307,祇,1.ㄑ｜ˊ\n2.ㄓˇ,1.神祇\n2.祇是,,,當副詞「只」\n義時，依通俗\n讀法，ㄓ改讀\n為ㄓˇ。
1,*2308,祈,ㄑ｜ˊ,,,,
2,*2309,祖,ㄗㄨˇ,,,,
3,*2310,神,ㄕㄣˊ,,,,
4,2311,祕,1.ㄇ│ˋ\n2.ㄅ│ˋ\n(限讀),1.祕書、便\n祕、祕密,2.限於「祕\n魯」一詞音\nㄅ│ˋ。,,
5,2312,祒,ㄊ｜ㄠˊ,,,,
6,2313,祓,ㄈㄨˊ,,,,
7,*2314,祝,ㄓㄨˋ,,,,
8,2315,祪,ㄍㄨㄟˇ,,,,
9,2316,票,ㄆ｜ㄠˋ,郵票、支票、\n綁票、票友、\n一票買賣,,通「彯」、「熛」\n時，音\nㄆ｜ㄠ。,
10,2317,祭,1.ㄐ｜ˋ\n2.ㄓㄞˋ,1.祭品、祭祀\n2.姓（如東漢\n有祭彤）,,,
11,2318,禁,1.ㄐ｜ㄣˋ\n2.ㄐ｜ㄣ,1.宵禁、禁\n止、囚禁\n2.弱不禁\n風、禁受、\n禁得起,,,
12,2319,禔,ㄊ｜ˊ,,,,
13,*2320,禓,｜ㄤˊ,,,,
14,*2321,禜,ㄩㄥˋ,,,,
15,2322,禪,1.ㄔㄢˊ\n2.ㄕㄢˋ,1.禪坐、禪語\n2.禪讓、封禪,,,
16,2323,禧,ㄒ｜,,,,
17,2324,禬,ㄍㄨㄟˋ,,,,
0,2325,禱,ㄉㄠˇ,,,,
1,2326,禰,1.ㄋ｜ˇ\n2.ㄇ｜ˊ,1.禰廟\n2.姓（如東漢\n有禰衡）,,,
2,2327,禳,ㄖㄤˊ,,,,
3,2328,禴,ㄩㄝˋ,,,,
4,2329,禸,ㄖㄡˊ,,,,
5,2330,禺,ㄩˊ,,,,
6,*2331,离,ㄌ｜ˊ,,,,
7,*2332,秏,ㄏㄠˋ,,,,
8,2333,秘,1.ㄇ｜ˋ\n2.ㄅ｜ˋ\n(限讀),1.「祕」的異\n體字,2.限於「祕\n魯」或作「秘\n魯」，音\nㄅ｜ˋ。,,
9,2334,秤,1.ㄔㄥˋ\n2.ㄆ｜ㄥˊ,1.秤薪而\n爨、磅秤\n2.天秤,,,
10,2335,秠,ㄆ｜,,,,
11,*2336,秧,｜ㄤ,,,,
12,*2337,秸,ㄐ｜ㄚˊ,,,,
13,*2338,移,｜ˊ,,,,
14,*2339,稅,ㄕㄨㄟˋ,,,,
15,2340,稍,ㄕㄠ,,,,
16,2341,稃,ㄈㄨ,,,,
17,*2342,稜,ㄌㄥˊ,,,,
18,*2343,稘,ㄐ｜,,,,
19,*2344,稞,ㄎㄜ,,,,
20,*2345,稠,ㄔㄡˊ,,,,
21,2346,稟,ㄅ｜ㄥˇ,稟賦、稟\n明、、稟承、\n稟告,,通「廩」時，\n音ㄌ｜ㄣˇ。,
22,2347,稰,ㄒㄩ,,,,
0,*2348,稯,ㄗㄨㄥ,,,,
1,2349,種,1.ㄓㄨㄥˇ\n2.ㄓㄨㄥˋ,1.種子、種類\n2.種田、接種,,,
2,2350,稱,1.ㄔㄥ\n2.ㄔㄥˋ,1.稱號、稱\n讚、稱一稱\n2.稱職、對\n稱、桿稱,,,
3,2351,稽,1.ㄐ｜\n2.ㄑ｜ˇ,1.稽查、稽\n留、滑稽\n2.稽首、稽顙,,,
4,2352,稹,ㄓㄣˇ,,,,
5,*2353,穜,ㄊㄨㄥˊ,,,,
6,2354,穢,ㄏㄨㄟˋ,,,,
7,2355,穫,ㄏㄨㄛˋ,,,,
8,2356,穰,ㄖㄤˊ,,,,
9,2357,穴,ㄒㄩㄝˋ,,,,
10,2358,究,ㄐ｜ㄡˋ,,,,
11,2359,穹,ㄑㄩㄥ,,,,
12,2360,空,1.ㄎㄨㄥ\n2.ㄎㄨㄥˋ,1.天空、空\n間、空手、\n空歡喜\n2.空閒、空白,,,
13,2361,突,ㄊㄨˊ,突然、衝突、\n突圍、突出、\n趵突泉,,,
14,*2362,穾,｜ㄠˇ,,,,
15,2363,窀,ㄓㄨㄣ,,,,
16,*2364,窅,｜ㄠˇ,,,,
17,2365,窄,ㄓㄞˇ,,,,
18,2366,窌,ㄌ｜ㄠˊ,,,,
19,*2367,窊,ㄨㄚ,,,,
20,2368,窔,｜ㄠˇ,,,,
0,*2369,窐,ㄍㄨㄟ,,,,
1,2370,窒,ㄓˋ,窒息、窒礙,,,
2,2371,窕,ㄊ｜ㄠˇ,窕邃、窈窕,,通「姚」時，\n音｜ㄠˊ。,
3,2372,窘,ㄐㄩㄥˇ,,,,
4,2373,窣,ㄙㄨˋ,,,,
5,2374,窨,｜ㄣˋ,,,,
6,2375,窬,ㄩˊ,,,,
7,2376,窲,ㄌ｜ㄠˋ,,,,
8,2377,窴,ㄊ｜ㄢˊ,,,,
9,*2378,窳,ㄩˇ,,,,
10,*2379,窺,ㄎㄨㄟ,,,,
11,2380,窶,1.ㄐㄩˋ\n2.ㄌㄡˊ\n(限讀),1.「主人辭以\n窶。」（禮\n記‧曲禮上）,2.限於「甌\n窶」一詞音\nㄌㄡˊ。,,
12,*2381,竀,ㄔㄥ,,,,
13,2382,竁,ㄘㄨㄟˋ,,,,
14,*2383,竄,ㄘㄨㄢˋ,,,,
15,*2384,立,ㄌ｜ˋ,,,,
16,2385,竘,ㄑㄩˇ,,,,
17,2386,竣,ㄐㄩㄣˋ,,,,
18,2387,竷,ㄎㄢˋ,,,,
19,*2388,竺,ㄓㄨˊ,,,,
20,*2389,竿,ㄍㄢ,,,,
21,*2390,笐,ㄍㄤ,,,,
22,2391,笆,ㄅㄚ,,,,
23,2392,笓,ㄆ｜ˊ,「笓，取蝦竹\n器。」（廣韻）,,通「篦」時，\n音ㄅ｜ˋ。,
24,2393,笅,｜ㄠˊ,,,,
25,*2394,笏,ㄏㄨˋ,,,,
26,2395,笊,ㄓㄠˋ,,,,
0,2396,笢,ㄇ｜ㄣˇ,,,,
1,2397,笴,ㄍㄜˇ,,,,
2,2398,笪,ㄉㄚˊ,,,,
3,2398,笘,ㄕㄢ,,,,
4,2400,笲,ㄈㄢˊ,,,,
5,2401,笮,ㄗㄜˊ,,,,
6,2402,笭,ㄌ｜ㄥˊ,,,,
7,2403,筊,ㄐ｜ㄠˇ,,,,
8,2404,筒,ㄊㄨㄥˇ,,,,
9,*2405,筍,ㄙㄨㄣˇ,,,,
10,2406,筈,ㄍㄨㄚ,,,,
11,2407,答,1.ㄉㄚˊ\n2.ㄉㄚ,1.答數、回答\n2.答應、羞答\n答,,,
12,2408,筤,ㄌㄤˊ,,,,
13,2409,筩,ㄊㄨㄥˇ,,,,取ㄊㄨㄥ\nˇ，與「筒」\n一致。
14,2410,筴,1.ㄘㄜˋ\n2.ㄐ｜ㄚˊ,1.「策」的異\n體字\n2.「祝宗人元\n瑞以臨牢\n筴。」（莊\n子‧達生）,,,
15,*2411,筲,ㄕㄠ,,,,
16,*2412,筧,ㄐ｜ㄢˇ,,,,
17,2413,箈,ㄔˊ,,,,
18,2414,箔,ㄅㄛˊ,,,,
19,2415,箑,ㄕㄚˋ,,,,
20,2416,箐,ㄐ｜ㄥ,,,,
21,*2417,算,ㄙㄨㄢˋ,,,,
22,2418,箘,ㄐㄩㄣˋ,,,,
0,2419,箄,1.ㄆㄞˊ\n2.ㄅㄟ,1.箄船\n2.「炊忘箸\n箄，飯落釜\n中。」（南\n朝宋‧劉義\n慶‧世說新\n語‧夙惠）,,,
1,*2420,箸,ㄓㄨˋ,,,,
2,*2421,箷,｜ˊ,,,,
3,2422,篎,ㄇ｜ㄠˇ,,,,
4,2423,箯,ㄅ｜ㄢ,,,,
5,2424,箹,ㄩㄝ,,,,
6,2425,箠,ㄔㄨㄟˊ,,,,
7,2426,篣,ㄆㄤˊ,,,,
8,2427,篝,ㄍㄡ,,,,
9,2428,篩,ㄕㄞ,,,,
10,2429,篹,ㄙㄨㄢˇ,「薦用玉豆\n雕篹。」（禮\n記‧明堂位）,,通「撰」、「饌」\n時，音\nㄓㄨㄢˋ。通\n「纂」時，音\nㄗㄨㄢˇ。,
11,2430,篦,ㄅ｜ˋ,,,,
12,2431,簇,ㄘㄨˋ,箭簇、簇擁、\n花團錦簇、簇\n新,,,
13,*2432,篿,ㄊㄨㄢˊ,,,,
14,*2433,簎,ㄘㄜˋ,,,,
15,2434,簍,ㄌㄡˇ,,,,
16,2435,簂,ㄍㄨㄛˊ,,,,
17,2436,篸,ㄘㄣ,,,,
18,2437,簉,ㄗㄠˋ,,,,
19,2438,簃,｜ˊ,,,,
20,2439,簁,ㄒ｜ˇ,,,,
0,*2440,簜,ㄉㄤˋ,,,,
1,2441,簩,ㄌㄠˊ,,,,
2,*2442,簨,ㄙㄨㄣˇ,,,,
3,2443,簠,ㄈㄨˇ,,,,
4,2444,簪,ㄗㄢ,,,,
5,2445,簝,ㄌ｜ㄠˊ,,,,
6,2446,簥,ㄐ｜ㄠ,,,,
7,2447,簿,ㄅㄨˋ,帳簿、簿子、\n對簿公堂、簿\n錄,,通「箔」時，\n音ㄅㄛˊ。,
8,2448,簸,1.ㄅㄛˇ\n2.ㄅㄛˋ,1.簸米、簸\n弄、顛簸\n2.簸箕,,,
9,2449,簼,ㄍㄡ,,,,
10,*2450,簹,ㄉㄤ,,,,
11,2451,簻,ㄓㄨㄚ,,,,
12,2452,籊,ㄊ｜ˋ,,,,
13,2453,籍,ㄐ｜ˊ,地籍、祖籍、\n書籍、學籍,,,
14,2454,籔,ㄕㄨˋ,,,,
15,2455,籠,ㄌㄨㄥˊ,,,,
16,*2456,籛,ㄐ｜ㄢ,,,,
17,2457,籧,ㄑㄩˊ,,,,
18,2458,籺,ㄏㄜˊ,,,,
19,2459,籹,1.ㄋㄩˇ\n2.ㄓㄨㄤ,1.粔籹\n2.「妝」之異\n體字,,,
20,2460,粗,ㄘㄨ,,,,
21,2461,粘,ㄋ｜ㄢˊ,,,,
22,*2462,粢,ㄗ,,,,
0,2463,粥,1.ㄓㄡ\n2.ㄓㄨˋ\n(限讀)\n3.ㄩˋ\n(限讀),1.粥湯、小米\n粥,2.限於「粥\n粥」一詞音\nㄓㄨˋ。\n3.限於「葷\n粥」（民族\n名）一詞音\nㄩˋ。,,
1,2464,粳,ㄍㄥ,,,,
2,2465,粽,ㄗㄨㄥˋ,,,,
3,2466,糅,ㄖㄡˊ,,,,
4,2467,糈,ㄒㄩˇ,,,,
5,2468,糊,ㄏㄨˊ,,,,
6,2469,糜,ㄇ｜ˊ,,,,
7,2470,糙,ㄘㄠ,,,,此 字 切 語 為\n「七到切」，\n本當讀\nㄘㄠˋ，然此\n音同「肏」，\n為 北 平 人 罵\n人之語，ㄘㄠ\n為避音，故取\nㄘㄠ較文雅。
8,2471,糲,ㄌ｜ˋ,,,,
9,2472,糷,ㄌㄢˋ,,,,
10,2473,糸,ㄇ｜ˋ,,,,
11,2474,糾,ㄐ｜ㄡ,,,,
12,2475,紀,ㄐ｜ˋ,,,,
13,2476,紅,1.ㄏㄨㄥˊ\n2.ㄍㄨㄥ\n(限讀),1.紅色、分\n紅、紅包、\n紅塵,2.限於「女\n紅」一詞音\nㄍㄨㄥ。,,
14,*2477,約,ㄩㄝ,,,,
15,2478,紇,ㄏㄜˊ,,,,
16,2479,紃,ㄒㄩㄣˊ,,,,
0,2480,紓,ㄕㄨ,,,,
1,2481,紕,ㄆ｜,紕漏、紕謬,,,
2,2482,紑,ㄈㄡˊ,,,,
3,*2483,紗,ㄕㄚ,,,,
4,2484,紝,ㄖㄣˋ,,,,
5,2485,純,ㄔㄨㄣˊ,,,,
6,2486,紟,ㄐ｜ㄣ,,,,
7,2487,紛,ㄈㄣ,,,,
8,2488,紒,ㄐ｜ㄝˋ,,,,
9,2489,索,ㄙㄨㄛˇ,,,,
10,2490,統,ㄊㄨㄥˇ,,,,
11,*2491,紹,ㄕㄠˋ,,,,
12,2492,紬,1.ㄔㄡˊ\n2.ㄔㄡ,1.「醉來且擁\n黃紬睡。」\n（宋‧陸\n游‧秋晚雨\n中詩）\n2.紬繹、紬次,,,
13,*2493,絅,ㄐㄩㄥˇ,,,,
14,2494,絀,ㄔㄨˋ,,,,
15,2495,絁,ㄕ,,,,
16,2496,絇,ㄑㄩˊ,,,,
0,2497,紾,1.ㄓㄣˇ\n2.ㄊ｜ㄢˇ,1.「紾兄之臂\n而奪之食。」\n（孟子‧告\n子下）、「千\n變萬紾。」\n（淮南子‧\n原道）\n2.「老牛之\n角，紾而\n昔。」（周\n禮‧冬官考\n工記‧弓人）,,,
1,2498,紮,ㄓㄚˊ,,,,
2,2499,累,1.ㄌㄟˇ\n2.ㄌㄟˋ,1.累犯、累\n積、累贅、\n「係累其子\n弟。」（孟\n子‧梁惠王\n下）\n2.家累、連\n累、勞累、\n「累你多走\n一趟。」,,,當堆疊義\n時，音ㄌㄟ\nˇ；疲倦、負\n擔、牽涉義\n時，音ㄌㄟ\nˋ。
3,*2500,絞,ㄐ｜ㄠˇ,,,,
4,*2501,絯,ㄍㄞ,,,,
5,2502,絣,ㄅㄥ,,,,
6,2503,絘,ㄘˋ,,,,
7,2504,絓,ㄍㄨㄚˋ,,,,
8,2505,結,1.ㄐ｜ㄝˊ\n2.ㄐ｜ㄝ,1.繩結、結\n婚、結果、\n結構\n2.結實、結結\n巴巴,,,
9,*2506,絧,ㄊㄨㄥˊ,,,,
0,2507,絡,1.ㄌㄨㄛˋ\n2.ㄌㄠˋ,1.脈絡、馬絡\n頭、籠絡、\n絡繹不絕\n2.絡子,,,
1,2508,給,1.ㄐ｜ˇ\n2.ㄍㄟˇ,1.年給、給事\n中、供給、\n配給、給\n假、給與、\n職務加給\n2.「我給他一\n本書。」、\n「給我拿\n來！」、「快\n給他道\n歉！」,,,單獨當動詞\n與口語習用\n的新生詞，多\n音ㄍㄟˇ；複\n合詞多音\nㄐ｜ˇ。
2,2509,絭,ㄐㄩㄢˋ,,,,
3,*2510,絮,ㄒㄩˋ,,,,
4,2511,絜,ㄒ｜ㄝˊ,「絜之百\n圍。」（莊\n子‧人間\n世）、「與陳\n涉度長絜\n大。」（文\n選‧賈誼‧過\n秦論）,,通「潔」時，\n音ㄐ｜ㄝˊ。,
5,2512,綅,ㄑ｜ㄣ,,,,
6,2513,綍,ㄈㄨˊ,,,,
7,*2514,綆,ㄍㄥˇ,,,,
8,*2515,綃,ㄒ｜ㄠ,,,,
9,*2516,絹,ㄐㄩㄢˋ,,,,
10,*2517,絻,ㄨㄣˋ,,,,
11,2518,綏,ㄙㄨㄟ,,,,
12,2519,綰,ㄨㄢˇ,,,,
13,2520,綟,ㄌ｜ˋ,,,,
0,2521,綷,ㄘㄨㄟˋ,,,,
1,2522,綣,ㄑㄩㄢˇ,,,,
2,2523,緂,ㄊㄢ,,,,
3,*2524,綴,ㄓㄨㄟˋ,,,,
4,2525,緁,ㄑ｜,,,,
5,2526,緀,ㄑ｜,,,,
6,*2527,綪,ㄑ｜ㄢˋ,,,,
7,2528,緎,ㄩˋ,,,,
8,2529,綝,1.ㄔㄣ\n2.ㄌ｜ㄣˊ,1.「綝，止\n也。」（說\n文）\n2.綝纚,,,
9,*2530,綢,ㄔㄡˊ,,,,
10,2531,綠,ㄌㄩˋ,,,,
11,2532,綸,1.ㄌㄨㄣˊ\n2.ㄍㄨㄢ,1.綸絲、釣\n綸、滿腹經\n綸、綸言、\n綸布\n2.羽扇綸巾,,,
12,2533,綮,1.ㄑ｜ㄥˋ\n2.ㄑ｜ˇ,1.肯綮\n2.「綮，戟衣\n也。」（玉\n篇）,,,
13,2534,綦,ㄑ｜ˊ,,,,
14,2535,綖,｜ㄢˊ,,,,
15,2536,締,ㄉ｜ˋ,,,,
16,2537,緷,ㄩㄣˋ,,,,
17,*2538,編,ㄅ｜ㄢ,,,,
18,2539,緪,ㄍㄥ,,,,
19,2540,緡,ㄇ｜ㄣˊ,,,,
20,2541,緯,ㄨㄟˇ,,,,
21,2542,緹,ㄊ｜ˊ,,,,
0,2543,緝,ㄑ｜ˋ,,,,
1,2544,緺,1.ㄍㄨㄛ\n2.ㄨㄛ,1.「佩青緺，\n出宮門。」\n（史記‧滑\n稽傳‧褚少\n孫補衛青\n傳）,,,
2,2545,緣,ㄩㄢˊ,,,,
3,2546,緱,ㄍㄡ,,,,
4,2547,緶,ㄅ｜ㄢˋ,,,,
5,2548,緰,ㄊㄡˊ,,,,
6,2549,縡,ㄗㄞˋ,,,,
7,2550,縞,ㄍㄠˇ,,,,
8,2551,縛,ㄈㄨˊ,,,,
9,2552,縓,ㄑㄩㄢˊ,,,,
10,2553,縕,ㄩㄣˋ,,,,
11,2554,縝,ㄓㄣˇ,,,,
12,2555,縣,ㄒ｜ㄢˋ,,,,
13,2556,縮,ㄙㄨㄛ,,,,
14,*2557,縴,ㄑ｜ㄢˋ,,,,
15,2558,縳,ㄓㄨㄢˋ,,,,
16,2559,縹,ㄆ｜ㄠˇ,,,,
17,2560,繆,1.ㄇㄡˊ\n2.ㄇ｜ㄠˋ\n3.ㄇ｜ㄡˋ,1.綢繆、繆篆\n2.姓（如三國\n時魏國有繆\n襲）\n3.紕繆、繆巧,,通「穆」時，\n音ㄇㄨˋ。,
18,2561,縵,ㄇㄢˋ,,,,
19,*2562,縪,ㄅ｜ˋ,,,,
20,2563,縸,ㄇㄨˋ,,,,
0,2564,繃,1.ㄅㄥ\n2.ㄅㄥˇ\n3.ㄅㄥˋ,1.繃帶、繃\n紮、繃緊\n2.繃著臉、繃\n不住\n3.繃開、繃鼓\n子,,,
1,*2565,縿,ㄕㄢ,,,,
2,2566,縫,1.ㄈㄥˊ\n2.ㄈㄥˋ,1.裁縫、縫紉\n2.門縫、衣縫,,,
3,*2567,總,ㄗㄨㄥˇ,,,,
4,2568,縱,1.ㄗㄨㄥˋ\n2.ㄗㄨㄥ,1.放縱、縱聲\n大笑、縱然\n2.縱隊,,,
5,*2569,繅,ㄙㄠ,,,,
6,*2570,繄,｜,,,,
7,2571,繁,1.ㄈㄢˊ\n2.ㄆㄛˊ,1.繁榮、繁\n雜、繁殖、\n繁花、繁分\n數\n2.姓（如三國\n時魏國有繁\n欽）,,通「鞶」時，\n音ㄆㄢˊ。,
8,2572,繇,｜ㄠˊ,皋繇（古人\n名。虞舜時刑\n官之長）、「厥\n土黑墳，厥草\n惟繇。」（書\n經‧禹貢）,,通「由」時，\n音｜ㄡˊ。通\n「籀」時，音\nㄓㄡˋ。,
9,*2573,繌,ㄗㄨㄥ,,,,
10,*2574,織,ㄓ,,,,
11,*2575,繜,ㄗㄨㄣ,,,,
12,2576,繒,ㄗㄥ,,,,
13,2577,繘,ㄩˋ,,,,
14,2578,繐,ㄙㄨㄟˋ,,,,
0,*2579,繞,ㄖㄠˋ,,,,
1,2580,繚,ㄌ｜ㄠˊ,,,,
2,2581,繙,ㄈㄢ,,,,
3,2582,繵,ㄉㄢˋ,,,,
4,2583,,ㄐ｜ㄤ,,,,
5,*2584,繩,ㄕㄥˊ,,,,
6,2585,繰,ㄗㄠˇ,「朱綠繰。」\n（禮記‧禮\n器）,,通「繅」時，\n音ㄙㄠ。,
7,2586,繯,ㄏㄨㄢˊ,,,,
8,2587,繳,1.ㄐ｜ㄠˇ\n2.ㄓㄨㄛˊ,1.繳納、繳費\n2.矰繳、繳射,,,
9,2588,繫,1.ㄒ｜ˋ\n2.ㄐ｜ˋ,1.繫念、繫\n馬、聯繫\n2.繫鞋帶兒,,,ㄐ｜ˋ僅用\n於綁、扣、結\n之白話詞，餘\n皆音ㄒ｜ˋ。
10,2589,繻,ㄖㄨˊ,,,,
11,2590,纍,ㄌㄟˊ,果實纍纍、\n「南有樛\n木，葛藟纍\n之。」（詩\n經‧周南‧樛\n木）,,,
12,*2591,纖,ㄒ｜ㄢ,,,,
13,*2592,纔,ㄘㄞˊ,,,,
14,2593,纗,ㄒ｜,,,,
15,2594,纛,ㄉㄠˋ,,,,
16,*2595,纚,ㄕˇ,,,,
17,2596,纜,ㄌㄢˇ,,,,
18,2597,缿,ㄒ｜ㄤˋ,,,,
19,2598,罋,ㄨㄥˋ,,,,
20,2599,罕,ㄏㄢˇ,,,,
21,2600,罘,ㄈㄨˊ,,,,
0,2601,罜,ㄓㄨˋ,,,,
1,2602,罝,ㄐㄩ,,,,
2,2603,罣,ㄍㄨㄚˋ,,,,
3,2604,罥,ㄐㄩㄢˋ,,,,
4,2605,罦,ㄈㄨˊ,,,,
5,2606,罬,ㄓㄨㄛˊ,,,,
6,2607,罫,ㄍㄨㄚˋ,,,,
7,2608,罧,ㄕㄣˋ,,,,
8,2609,罨,｜ㄢˇ,,,,
9,2610,署,1.ㄕㄨˇ\n2.ㄕㄨˋ,1.官署、署\n長、環保署\n2.部署、簽\n署、署理,,,
10,2611,罷,1.ㄅㄚˋ\n2.ㄆ｜ˊ,1.欲罷不\n能、罷免、\n罷官、罷了\n2.罷乏、罷民,,,
11,2612,罻,ㄨㄟˋ,,,,
12,2613,罺,ㄔㄠ,,,,
13,2614,罿,ㄊㄨㄥˊ,,,,
14,2615,罾,ㄗㄥ,,,,
15,2616,羊,｜ㄤˊ,山羊、羊腸小\n徑、姓（如春\n秋時燕國有\n羊角哀）,,通「祥」時，\n音ㄒ｜ㄤˊ。,
16,2617,羋,1.ㄇ｜ㄝ\n2.ㄇ｜ˇ,1.羋羋叫（狀\n聲詞。形容\n羊的叫聲）\n2.姓（如戰國\n時齊國有羋\n嬰）,,,
17,2618,羛,ㄒ｜,羛陽（古地\n名）,,通「義」時\n音｜ˋ。，,
0,2619,羠,｜ˊ,,,,
1,2620,羥,1.ㄎㄥ\n2.ㄑ｜ㄤˇ,1.「羥，羊名\n也。」（說\n文）\n2.羥基,,,「羥基」原為\n氫氧基之簡\n稱，故取\nㄑ｜ㄤˇ（氫\n氧之合音）。
2,*2621,羨,ㄒ｜ㄢˋ,,,,
3,2622,羬,ㄑ｜ㄢˊ,,,,
4,2623,羱,ㄩㄢˊ,,,,
5,2624,,ㄍㄥ,,,,
6,2625,羼,ㄔㄢˋ,,,,
7,*2626,翁,ㄨㄥ,,,,
8,2627,翑,ㄑㄩˊ,,,,
9,2628,翏,ㄌ｜ㄠˊ,,,,
10,2629,翛,ㄒ｜ㄠ,翛翛、翛然,,通「倏」時，\n音ㄕㄨˋ。,
11,2630,翜,ㄕㄚˋ,,,,
12,2631,翢,1.ㄉㄠˋ\n2.ㄓㄡ\n(限讀),1.「翢，纛\n也。」（爾\n雅‧釋言）,2.限於「翢\n翢」（鳥名）\n一詞音ㄓ\nㄡ。,,
13,2632,翟,1.ㄓㄞˊ\n2.ㄉ｜ˊ,1.陽翟（縣\n名）、姓（如\n漢代有翟方\n進）\n2.長尾翟、墨\n翟（人名。\n即墨子）,,,
14,2633,翪,ㄗㄨㄥ,,,,
15,2634,翭,ㄏㄡˊ,,,,
16,2635,翨,ㄕˋ,,,,
17,2636,翮,ㄍㄜˊ,,,,
18,2637,翰,ㄏㄢˋ,,,,
0,2638,翯,ㄏㄜˋ,,,,
1,2639,翳,｜ˋ,,,,
2,2640,翲,ㄆ｜ㄠ,,,,
3,2641,翹,1.ㄑ｜ㄠˊ\n2.ㄑ｜ㄠˋ,1.翹楚、翹\n首、翹舌\n2.翹翹板、翹\n辮子,,,口語語音\nㄑ｜ㄠˋ，文\n言詞音\nㄑ｜ㄠˊ。
4,2642,翿,ㄉㄠˋ,,,,
5,2643,耀,｜ㄠˋ,,,,
6,*2644,耆,ㄑ｜ˊ,,,,
7,*2645,而,ㄦˊ,,,,
8,*2646,耐,ㄋㄞˋ,,,,
9,2647,耏,1.ㄦˊ\n2.ㄋㄞˋ,1.「冒耏之\n類。」（後\n漢書‧肅宗\n孝章帝紀）\n2.「耏，罪不\n至髡也。」\n（說文）,,,
10,2648,耑,ㄉㄨㄢ,開耑,,通「專」時，\n音ㄓㄨㄢ。,
11,2649,耒,ㄌㄟˇ,,,,
12,2650,耕,ㄍㄥ,,,,
13,2651,耙,ㄆㄚˊ,,,,
14,*2652,耗,ㄏㄠˋ,,,,
15,2653,耡,ㄓㄨˋ,「以歲時合\n耦于耡。」\n（周禮‧地\n官‧里宰）,,通「鋤」音\nㄔㄨˊ。時，,
16,*2654,耤,ㄐ｜ˊ,,,,
17,*2655,耬,ㄌㄡˊ,,,,
18,*2656,耳,ㄦˇ,,,,
19,2657,耴,ㄖㄜˊ,,,,
0,2658,耵,ㄉ｜ㄥˇ,,,,
1,2659,耶,｜ㄝˊ,,,,
2,2660,耽,ㄉㄢ,,,,
3,2661,聃,ㄉㄢ,,,,
4,2662,聘,ㄆ｜ㄥˋ,,,,
5,2663,聞,ㄨㄣˊ,,,,
6,*2664,聚,ㄐㄩˋ,,,,
7,*2665,聱,ㄠˊ,,,,
8,2666,聳,ㄙㄨㄥˇ,,,,
9,*2667,職,ㄓˊ,,,,
10,*2668,聶,ㄋ｜ㄝˋ,,,,
11,2669,聹,ㄋ｜ㄥˊ,,,,
12,2670,聽,1.ㄊ｜ㄥ\n2.ㄊ｜ㄥˋ,1.聽講、聽戲\n2.聽其自\n然、聽天由\n命、垂簾聽\n政,,,一般口語音\nㄊ｜ㄥ，文言\n動詞方音\nㄊ｜ㄥˋ。
13,*2671,肆,ㄙˋ,,,,
14,2672,肉,ㄖㄡˋ,,,,
15,2673,肋,ㄌㄜˋ,,,,
16,*2674,肛,ㄍㄤ,,,,
17,2675,肚,1.ㄉㄨˋ\n2.ㄉㄨˇ,1.肚皮\n2.猪肚子,,,
18,*2676,肐,ㄍㄜ,,,,
19,*2677,肖,ㄒ｜ㄠˋ,,,,
20,2678,肪,ㄈㄤˊ,,,,
21,2679,肺,ㄈㄟˋ,,,,
22,*2680,肫,ㄓㄨㄣ,,,,
23,*2681,肸,ㄒ｜ˋ,,,,
24,*2682,肩,ㄐ｜ㄢ,,,,
25,2683,肯,ㄎㄣˇ,,,,
0,2684,肴,｜ㄠˊ,,,,
1,2685,胘,ㄒ｜ㄢˊ,,,,
2,2686,胖,ㄆㄤˋ,肥胖、胖子、\n胖嘟嘟,,通「般樂」之\n「般」時，音\nㄆㄢˊ。如：\n「心寬體\n胖」。,
3,*2687,胇,ㄅ｜ˋ,,,,
4,2688,胠,ㄑㄩ,,,,
5,*2689,胈,ㄅㄚˊ,,,,
6,2690,胞,ㄅㄠ,同胞、胞兄、\n胞衣、細胞,,通「脬」時，\n音ㄆㄠ。,
7,2691,胜,1.ㄕㄥ\n2.ㄒ｜ㄥ,1.「心知其食\n飲飢寒、身\n之縢胜而哀\n憐之，此之\n謂恤孤。」\n（管子‧入\n國）\n2.「腥」的本\n字,,,
8,2692,胙,ㄗㄨㄛˋ,,,,
9,2693,胕,ㄈㄨˊ,「寒熱胕\n腫。」（黃帝\n內經素問‧五\n常政大論）,,通「跗」時，\n音ㄈㄨ。通\n「腑」時，音\nㄈㄨˇ。,
10,2694,胗,ㄓㄣ,,,,
11,2695,背,1.ㄅㄟˋ\n2.ㄅㄟ,1.背後、背\n景、違背、\n背書、離鄉\n背井\n2.背書包,,,
12,2696,胺,ㄢ,,,,
13,*2697,胲,ㄍㄞ,,,,
0,2698,胯,ㄎㄨㄚˋ,,,,
1,*2699,脁,ㄊ｜ㄠˋ,,,,
2,*2700,胳,ㄍㄜ,,,,
3,2701,胻,ㄏㄥˊ,,,,
4,2702,脈,ㄇㄞˋ,動脈、脈搏,,通「眽」時，\n音ㄇㄛˋ。\n如：「脈脈含\n情」。,
5,*2703,能,ㄋㄥˊ,,,,
6,2704,脊,ㄐ｜ˇ,,,,
7,2705,脘,ㄨㄢˇ,,,,
8,2706,脯,1.ㄈㄨˇ\n2.ㄆㄨˊ,1.肉脯、脯醢\n2.胸脯,,,
9,*2707,脛,ㄐ｜ㄥˋ,,,,
10,*2708,脞,ㄘㄨㄛˇ,,,,
11,2709,脧,1.ㄐㄩㄢ\n2.ㄗㄨㄟ,1.脧削\n2.「未知牝牡\n之合而脧\n作。」（老\n子‧第五十\n五章）,,,
12,*2710,脕,ㄨㄢˇ,,,,
13,2711,脟,ㄌㄨㄢˊ,,,,
14,2712,脫,ㄊㄨㄛ,,,,
15,2713,脩,ㄒ｜ㄡ,脩脯、脩敬,,,
16,*2714,腔,ㄑ｜ㄤ,,,,
17,2715,腋,｜ㄝˋ,,,,
18,2716,腏,ㄓㄨㄟˋ,,,,
19,2717,腒,ㄐㄩ,,,,
0,2718,腊,1.ㄒ｜ˊ\n2.ㄌㄚˋ,1.「噬腊肉，\n遇毒。」（易\n經‧噬嗑）\n2.「臘」的異\n體字,,,
1,2719,腌,ㄤ,,,,
2,2720,腓,ㄈㄟˊ,,,,
3,2721,腱,ㄐ｜ㄢˋ,,,,
4,2722,腰,｜ㄠ,,,,
5,2723,腳,ㄐ｜ㄠˇ,,,,
6,*2724,腞,ㄓㄨㄢˋ,,,,
7,2725,腧,ㄕㄨˋ,,,,
8,2726,膀,1.ㄅㄤˇ\n2.ㄆㄤˊ\n3.ㄆㄤ\n4.ㄅㄤˋ,1.肩膀、翅\n膀、臂膀\n2.膀胱\n3.膀腫、奶膀\n子\n4.弔膀子,,,
9,2727,膊,ㄅㄛˊ,,,,
10,2728,膏,ㄍㄠ,,,,
11,*2729,膞,ㄓㄨㄢ,,,,
12,2730,膘,ㄅ｜ㄠ,,,,
13,2731,膠,ㄐ｜ㄠ,,,,
14,*2732,膛,ㄊㄤˊ,,,,
15,2733,膢,ㄌㄩˊ,,,,
16,2734,膜,ㄇㄛˊ,,,,
17,2735,膮,ㄒ｜ㄠ,,,,
18,2736,膨,ㄆㄥˊ,,,,
19,2737,膴,ㄨˇ,,,,
20,2738,膹,ㄈㄣˋ,,,,
0,2739,膻,1.ㄕㄢ\n2.ㄉㄢˋ,1.「王之嬪御\n膻惡而不可\n親。」（列\n子‧周穆王）\n2.膻中（橫膈\n膜）,,,
1,2740,臃,ㄩㄥ,,,,
2,2741,臊,1.ㄙㄠ\n2.ㄙㄠˋ,1.羊臊、臊聲\n2.害臊、臊子\n豆腐,,,
3,2742,膿,ㄋㄨㄥˊ,,,,
4,2743,臇,ㄐㄩㄢˇ,,,,
5,2744,臉,ㄌ｜ㄢˇ,臉面、洗臉、\n笑臉迎人,,通「瞼」時，\n音ㄐ｜ㄢˇ。,
6,2745,臂,ㄅ｜ˋ,,,,
7,2746,臑,ㄖㄨˊ,,,,
8,2747,臗,ㄎㄨㄢ,,,,
9,2748,臛,ㄏㄨㄛˋ,,,,
10,*2749,臚,ㄌㄨˊ,,,,
11,2750,臠,ㄌㄨㄢˊ,,,,
12,*2751,臧,ㄗㄤ,,,,
13,2752,臨,ㄌ｜ㄣˊ,,,,
14,2753,臭,1.ㄒ｜ㄡˋ\n2.ㄔㄡˋ,1.無臭無\n味、臭味相\n投\n2.腥臭、臭皮\n囊、臭罵一\n頓,,,
15,2754,臷,ㄓˋ,,,,
16,*2755,臼,ㄐ｜ㄡˋ,,,,
17,2756,臾,ㄩˊ,,,,
18,2757,舀,｜ㄠˇ,,,,
19,2758,舂,ㄔㄨㄥ,,,,
0,*2759,舄,ㄒ｜ˋ,,,,
1,2760,與,1.ㄩˇ\n2.ㄩˋ\n3.ㄩˊ,1.時不我\n與、選賢與\n能、我與你\n2.參與、「與\n其進不與其\n退。」\n3.「孝弟也\n者，其為仁\n之本與！」\n（論語‧學\n而）,,,
2,2761,興,1.ㄒ｜ㄥ\n2.ㄒ｜ㄥˋ,1.興建、興\n旺、興奮\n2.興趣、高\n興、興匆匆,,,
3,*2762,舋,ㄒ｜ㄣˋ,,,,
4,2763,舍,1.ㄕㄜˋ\n2.ㄕㄜˇ,1.宿舍、舍\n弟、舍利子\n2.「當今之\n世，舍我其\n誰也？」\n（孟子‧公\n孫丑下）,,,
5,2764,舑,ㄊㄢ,,,,
6,*2765,舛,ㄔㄨㄢˇ,,,,
7,*2766,舡,ㄒ｜ㄤ,,,,
8,2767,舫,ㄈㄤˇ,畫舫、舫船,,,
9,2768,般,1.ㄅㄢ\n2.ㄆㄢˊ\n3.ㄅㄛ,1.一般、這\n般、萬般無\n奈\n2.般樂、般桓\n3.般若,,,
10,2769,舺,ㄐ｜ㄚˇ,,,,
0,2770,舳,ㄓㄨˊ,,,,
1,2771,舴,ㄗㄜˊ,,,,
2,2772,舼,ㄑㄩㄥˊ,,,,
3,2773,艄,ㄕㄠ,,,,
4,2774,艀,ㄈㄡˊ,,,,
5,2775,艑,ㄅ｜ㄢˋ,,,,
6,2776,艒,ㄇㄠˋ,,,,
7,*2777,艐,ㄗㄨㄥ,,,,
8,2778,艘,ㄙㄠ,,,,
9,2779,艟,ㄊㄨㄥˊ,,,,
10,2780,艮,1.ㄍㄣˋ\n2.ㄍㄣˇ,1.艮卦、艮苦\n冰涼、姓（漢\n代有艮當）\n2.「這個人真\n艮！」、「他\n的話太\n艮！」,,,
11,*2781,良,ㄌ｜ㄤˊ,,,,
12,2782,色,1.ㄙㄜˋ\n2.ㄕㄞˇ\n(限讀),1.五顏六\n色、景色、\n物色對象、\n成色,2.限於「色\n子」（骰子）\n一詞音\nㄕㄞˇ。,,
13,2783,艴,ㄈㄨˊ,,,,
14,2784,艵,ㄆ｜ㄥ,,,,
15,2785,艼,ㄊ｜ㄥ,,,,
16,2786,芀,ㄊ｜ㄠˊ,,,,
17,2787,艽,1.ㄑ｜ㄡˊ\n2.ㄐ｜ㄠ,1.艽野\n2.秦艽、「野\n彘有艽莦搓\n櫛。」（淮\n南子‧脩務）,,,
0,2788,艾,1.ㄞˋ\n2.｜ˋ,1.艾草、期期\n艾艾、姓（如\n宋代有艾仲\n儒）\n2.艾安、自怨\n自艾,,,
1,*2789,芒,ㄇㄤˊ,,,,
2,2790,芋,ㄩˋ,,,,
3,2791,芎,ㄑㄩㄥ,,,,
4,2792,芐,ㄏㄨˋ,,,,
5,*2793,芓,ㄗˋ,,,,
6,2794,芍,ㄕㄠˊ,,,,
7,2795,芯,ㄒ｜ㄣ,,,,
8,2796,芧,ㄓㄨˋ,,,,
9,2797,芛,ㄨㄟˇ,,,,
10,*2798,芸,ㄩㄣˊ,,,,
11,2799,芾,ㄈㄟˋ,芾芾、「蔽芾\n甘棠。」（詩\n經‧召南‧甘\n棠）,,通「黻」時，\n音ㄈㄨˊ。,
12,2800,芘,ㄆ｜ˊ,,,,
13,2801,芣,ㄈㄡˊ,,,,
14,*2802,芞,ㄑ｜ˇ,,,,
15,*2803,芼,ㄇㄠˋ,,,,
16,*2804,芺,｜ㄠ,,,,
17,2805,芴,ㄨˋ,,,,
18,*2806,芚,ㄊㄨㄣˊ,,,,
19,2807,苧,ㄓㄨˋ,,,,
20,*2808,苙,ㄌ｜ˋ,,,,
21,2809,苾,ㄅ｜ˋ,,,,
22,2810,苹,ㄆ｜ㄥˊ,,,,
23,2811,茀,ㄈㄨˊ,,,,
0,2812,苛,ㄎㄜ,,,,
1,*2813,苦,ㄎㄨˇ,,,,
2,2814,茄,1.ㄑ｜ㄝˊ\n2.ㄐ｜ㄚ,1.茄子、番茄\n2.茄冬樹、雪\n茄煙,,,
3,2815,若,1.ㄖㄨㄛˋ\n2.ㄖㄜˇ,1.若干、倘\n若、若無其\n事\n2.蘭若、般若,,,
4,2816,茂,ㄇㄠˋ,,,,
5,2817,茇,1.ㄅㄚˊ\n2.ㄅㄟˋ,1.茇舍、茇涉\n2.茇茇,,,
6,2818,苴,ㄐㄩ,,,,
7,2819,苫,ㄕㄢ,,,,
8,2820,苬,ㄑ｜ㄡˊ,,,,
9,*2821,苡,｜ˇ,,,,
10,2822,苔,ㄊㄞˊ,,,,
11,2823,苑,ㄩㄢˋ,,,,
12,*2824,苲,ㄗㄨㄛˊ,,,,
13,2824,苻,ㄈㄨˊ,,,,
14,2826,茆,ㄇㄠˇ,「思樂泮\n水，薄采其\n茆。」（詩\n經‧魯頌‧泮\n水）,,通「茅」時，\n音ㄇㄠˊ。,
15,*2827,苓,ㄌ｜ㄥˊ,,,,
16,*2828,茭,ㄐ｜ㄠ,,,,
17,2829,荄,ㄍㄞ,,,,
18,*2830,茛,ㄍㄣˋ,,,,
19,2831,荑,｜ˊ,,,,
20,2832,茥,ㄍㄨㄟ,,,,
21,2833,茸,ㄖㄨㄥˊ,,,,
0,2834,茦,ㄘㄜˋ,,,,
1,2835,荎,ㄔˊ,,,,
2,2836,荂,ㄏㄨㄚ,,,,
3,*2837,草,ㄘㄠˇ,,,,
4,2838,茈,ㄗˇ,,,,
5,2839,茗,ㄇ｜ㄥˊ,,,,
6,2840,茷,ㄈㄚˊ,,,,
7,*2841,茠,ㄏㄠ,,,,
8,2842,茲,1.ㄗ\n2.ㄘˊ\n(限讀),1.今茲、念茲\n在茲,2.限於「龜\n茲」一詞音\nㄑ｜ㄡ\nㄘˊ。,,
9,2843,荅,ㄉㄚˊ,,,,
10,2844,茹,ㄖㄨˊ,,,,
11,2845,莞,1.ㄨㄢˇ\n2.ㄍㄨㄢˇ\n3.ㄍㄨㄢ,1.莞爾\n2.東莞（廣東\n省地名）\n3.莞草,,,
12,2846,莐,ㄔㄣˊ,,,,
13,2847,莎,1.ㄕㄚ\n2.ㄙㄨㄛ,1.莎雞、莎士\n比亞\n2.莎草、莎岸,,,
14,2848,莘,ㄕㄣ,莘莘學子,,通「辛」時，\n音ㄒ｜ㄣ。,
15,2849,莨,ㄌ｜ㄤˊ,,,,
16,2850,莌,ㄊㄨㄛˋ,,,,
17,2851,莙,ㄐㄩㄣˋ,,,,
18,2852,荸,ㄅ｜ˊ,,,,
19,2853,莆,ㄆㄨˊ,,,,
20,*2854,莤,｜ㄡˊ,,,,
21,2855,莏,ㄙㄨㄛ,,,,
22,2856,荺,ㄩㄣˇ,,,,
0,2857,莫,ㄇㄛˋ,莫須有、莫逆\n之交、莫名其\n妙、姓（如清\n代有莫友芝）,,通「暮」時，\n音ㄇㄨˋ。,
1,*2858,莉,ㄌ｜ˋ,,,,
2,2859,莠,｜ㄡˋ,,,,
3,2860,荷,1.ㄏㄜˊ\n2.ㄏㄜˋ,1.荷花、薄荷\n2.荷鋤、負荷,,,
4,2861,莩,ㄈㄨˊ,葭莩、莩甲、\n莩末,,通「殍」時，\n音ㄆ｜ㄠˇ。,
5,2862,荼,1.ㄊㄨˊ\n2.ㄕㄨ\n(限讀),1.如火如\n荼、荼毒、\n生靈荼炭,2.限於「神\n荼」（門神\n名）一詞音\nㄕㄨ。,,
6,2863,莽,ㄇㄤˇ,,,,
7,2864,菅,ㄐ｜ㄢ,,,,
8,2865,菀,ㄨㄢˇ,,,,
9,2866,菏,ㄏㄜˊ,,,,
10,*2867,菹,ㄐㄩ,,,,
11,2868,菠,ㄅㄛ,,,,
12,2869,菩,ㄆㄨˊ,菩提、菩薩,,,
13,2870,菸,｜ㄢ,,,,
14,2871,菶,ㄅㄥˇ,,,,
15,*2872,菁,ㄐ｜ㄥ,,,,
16,*2873,菫,ㄐ｜ㄣˇ,,,,
17,*2874,菆,ㄗㄡ,,,,
0,2875,華,1.ㄏㄨㄚˊ\n2.ㄏㄨㄚ\n3.ㄏㄨㄚˋ,1.精華、光\n華、富貴榮\n華、華人、\n樸實無華\n2.春華秋實\n3.華山、姓\n（如東漢有\n華佗）,,,
1,*2876,萁,ㄑ｜ˊ,,,,
2,2877,菥,ㄒ｜,,,,
3,2878,菝,ㄅㄚˊ,,,,
4,2879,菴,ㄢ,,,,
5,2880,萌,ㄇㄥˊ,,,,
6,2881,菔,ㄈㄨˊ,,,,
7,2882,萉,ㄈㄟˊ,,,,
8,2883,菉,ㄌㄩˋ,,,,
9,2884,菲,1.ㄈㄟˇ\n2.ㄈㄟ,1.菲菜、妄自\n菲薄\n2.芳菲、菲律\n賓（國名。\n在東南亞）,,,
10,2885,菟,1.ㄊㄨˋ\n2.ㄊㄨˊ\n(限讀),1.菟絲,2.限於「於\n菟」一詞音\nㄊㄨˊ。,,
11,2886,萎,ㄨㄟ,,,,
12,*2887,萑,ㄏㄨㄢˊ,,,,
13,2888,萆,ㄅ｜ˋ,,,,
14,2889,菑,ㄗ,「菑榛穢，聚\n埒畝。」（淮\n南子‧本經）,,通「災」時，\n音ㄗㄞ。,
0,2890,著,1.ㄓㄨˋ\n2.ㄓㄨㄛˊ\n3.ㄓㄠˊ\n4.ㄓㄠ\n5.‧ㄓㄜ,1.名著、著作\n2.棋高一\n著、著手、\n著實\n3.著火、「睡\n著了！」、\n「打著\n了！」\n4.著涼、著\n急、「著哇！\n這正合我\n意。」\n5.坐著、「你\n且慢著！」,,,
1,2891,萿,ㄏㄨㄛˊ,,,,
2,2892,落,1.ㄌㄨㄛˋ\n2.ㄌㄠˋ\n3.ㄌㄚˋ,1.村落、落花\n生、落款、\n落伍、落落\n大方、沒\n落、下落不\n明、落難\n2.蓮花落、落\n子、鳥兒落\n在樹上\n3.丟三落\n四、「落了\n兩個字。」、\n「他一個人\n落在後頭\n了。」,,,
3,2893,葷,1.ㄏㄨㄣ\n2.ㄒㄩㄣ\n(限讀),1.葷菜、葷腥,2.限於「葷\n允」、「葷\n粥」（古民\n族名）等\n詞，音ㄒㄩ\nㄣ。,,
0,2894,萹,ㄅ｜ㄢˇ,,,,
1,2895,葶,ㄊ｜ㄥˊ,,,,
2,*2896,葧,ㄅㄛˊ,,,,
3,2897,葑,ㄈㄥ,,,,
4,2898,葚,ㄕㄣˋ,,,,
5,2899,葉,1.｜ㄝˋ\n2.ㄕㄜˋ,1.樹葉、百葉\n窗、千葉蓮\n2.葉縣（河南\n省縣名）、\n葉公,,,
6,*2900,葴,ㄓㄣ,,,,
7,*2901,葝,ㄑ｜ㄥˊ,,,,
8,*2902,萷,ㄒ｜ㄠ,,,,
9,*2903,葭,ㄐ｜ㄚ,,,,
10,2904,葺,ㄑ｜ˋ,,,,
11,2905,葛,1.ㄍㄜˊ\n2.ㄍㄜˇ,1.諸葛（複\n姓）、葛草、\n糾葛\n2.姓（如晉代\n有葛洪）,,,複姓音\nㄍㄜˊ，單姓\n音ㄍㄜˇ。
12,2906,萯,ㄈㄨˋ,,,,
13,2907,萭,ㄩˇ,,,,
14,*2908,葆,ㄅㄠˇ,,,,
15,2909,葰,ㄐㄩㄣˋ,,,,
16,2910,葯,｜ㄠˋ,,,,
17,*2911,蒲,ㄆㄨˊ,,,,
18,2912,蒙,ㄇㄥˊ,,,,
19,2913,蓂,ㄇ｜ㄥˊ,,,,
20,*2914,蓑,ㄙㄨㄛ,,,,
21,*2915,蓄,ㄒㄩˋ,,,,
22,2916,蓁,ㄓㄣ,,,,
0,2917,蓋,1.ㄍㄞˋ\n2.ㄍㄜˇ,1.鍋蓋、膝\n蓋、鋪蓋、\n蓋房子、蓋\n仙、天靈蓋\n2.蓋縣（古縣\n名。在山東\n省境）、姓\n（如唐代有\n蓋文達）,,通「盍」時，\n音ㄏㄜˊ。,
1,2918,蒚,ㄌ｜ˋ,,,,
2,2919,蒔,ㄕˊ,,,,
3,2920,蓌,ㄘㄨㄛˋ,,,,
4,2921,蒯,ㄎㄨㄞˇ,,,,
5,*2922,蒼,ㄘㄤ,,,,
6,2923,蒘,ㄖㄨˊ,,,,
7,2924,蓊,ㄨㄥˇ,,,,
8,2925,蔀,ㄅㄨˋ,,,,
9,2926,蔟,ㄘㄨˋ,,,,
10,2927,蔚,1.ㄨㄟˋ\n2.ㄩˋ,1.蓊蔚、蔚為\n風氣、蔚藍\n2.姓（如宋代\n有蔚興）,,,
11,2928,蔜,ㄠˊ,,,,
12,2929,蔪,ㄐ｜ㄢ,,,,
13,*2930,蓴,ㄔㄨㄣˊ,,,,
14,2931,蓲,1.ㄡ\n2.ㄑ｜ㄡ,1.「其木若\n蓲。」（山\n海經‧海內\n南經）\n2.烏蓲,,,
15,2932,蔫,ㄋ｜ㄢ,,,,
16,2933,蔬,ㄕㄨ,,,,
17,2934,蔕,ㄉ｜ˋ,,,,
0,*2935,蔭,｜ㄣˋ,,,,
1,2936,蓷,ㄊㄨㄟ,,,,
2,2937,蓫,ㄓㄨˊ,,,,
3,2938,蓼,1.ㄌ｜ㄠˇ\n2.ㄌㄨˋ,1.蓼花、蓼\n藍、「又集\n于蓼。」（詩\n經‧周頌‧\n小毖）\n2.蓼莪（詩經\n小雅篇\n名）、蓼蓼,,,
4,*2939,蔞,ㄌㄡˊ,,,,
5,2940,蔓,1.ㄇㄢˋ\n2.ㄇㄢˊ,1.蔓草\n2.蔓菁,,,
6,*2941,蔣,ㄐ｜ㄤˇ,,,,
7,*2942,蔘,ㄕㄣ,,,,
8,2943,蔡,ㄘㄞˋ,,,,
9,2944,蔦,ㄋ｜ㄠˇ,,,,
10,*2945,蔥,ㄘㄨㄥ,,,,
11,2946,蓧,ㄉ｜ㄠˋ,,,,
12,2947,蓨,1.ㄊ｜ㄠ\n2.ㄒ｜ㄡ,1.「蓨，苗\n也。」（說\n文）\n2.蓨酸,,,
13,*2948,蓰,ㄒ｜ˇ,,,,
14,*2949,蓯,ㄘㄨㄥ,,,,
15,*2950,蕩,ㄉㄤˋ,,,,
16,2951,蕫,ㄉㄨㄥˇ,,,,
17,2952,蕁,ㄒㄩㄣˊ,,,,
18,*2953,蕘,ㄖㄠˊ,,,,
19,2954,蕈,ㄒㄩㄣˋ,,,,
20,*2955,蕢,ㄎㄨㄟˋ,,,,
0,2956,蕃,1.ㄈㄢˊ\n2.ㄈㄢ,1.蕃衍、「以\n蕃王室。」\n（書經‧微\n子之命）\n2.吐蕃（民族\n名）,,,
1,*2957,蕎,ㄑ｜ㄠˊ,,,,
2,*2958,蕉,ㄐ｜ㄠ,,,,
3,2959,蕝,ㄐㄩㄝˊ,,,,
4,*2960,薌,ㄒ｜ㄤ,,,,
5,2961,薄,1.ㄅㄛˊ\n2.ㄅㄛˋ\n(限讀),1.厚薄、薄\n紙、澆薄,2.限於「薄\n荷」一詞音\nㄅㄛˋ。,,
6,*2962,薀,ㄩㄣˋ,,,,
7,*2963,薧,ㄎㄠˇ,,,,
8,2964,薋,ㄗ,,,,
9,2965,薜,ㄅ｜ˋ,,,,
10,*2966,薔,ㄑ｜ㄤˊ,,,,
11,2967,薝,ㄓㄢ,,,,
12,2968,薢,ㄒ｜ㄝˋ,,,,
13,2969,薁,ㄩˋ,,,,
14,*2970,薍,ㄨㄢˋ,,,,
15,2971,薈,ㄏㄨㄟˋ,,,,
16,2972,,ㄌ｜ㄢˋ,,,,
17,2973,薺,1.ㄐ｜ˋ\n2.ㄑ｜ˊ\n(限讀),1.薺菜,2.限於「荸\n薺」一詞音\nㄑ｜ˊ。,,
18,*2974,藃,ㄏㄠˋ,,,,
19,2975,藍,ㄌㄢˊ,,,,
20,2976,藂,ㄘㄨㄥˊ,,,,
21,*2977,薳,ㄨㄟˇ,,,,
22,2978,薽,ㄓㄣ,,,,
0,2979,藄,ㄑ｜ˊ,,,,
1,2980,藏,1.ㄘㄤˊ\n2.ㄗㄤˋ,1.藏匿\n2.西藏、三\n藏、寶藏、\n藏青,,,
2,2981,藋,ㄉ｜ㄠˋ,,,,
3,2982,藈,ㄎㄨㄟ,,,,
4,2983,藇,ㄒㄩˋ,,,,
5,*2984,薶,ㄇㄞˊ,,,,
6,*2985,藐,ㄇ｜ㄠˇ,,,,
7,2986,藉,1.ㄐ｜ㄝˋ\n2.ㄐ｜ˊ,1.憑藉、藉\n口、慰藉、\n醞藉\n2.藉藉、聲名\n狼藉,,,
8,2987,薿,ㄋ｜ˇ,,,,
9,2988,蘤,ㄨㄟˇ,,,,
10,2989,藩,ㄈㄢˊ,,,,
11,2990,藨,1.ㄅ｜ㄠ\n2.ㄆ｜ㄠˇ,1.藨莓\n2.「藨，蒯\n屬，可為\n席。」（玉\n篇）,,,
12,2991,藬,ㄊㄨㄟˊ,,,,
13,*2992,藪,ㄙㄡˇ,,,,
14,2993,藣,ㄅㄟ,,,,
15,2994,藥,｜ㄠˋ,,,,
16,2995,藷,ㄓㄨ,藷蔗,,通「薯」時，\n音ㄕㄨˇ。,
17,2996,蘢,ㄌㄨㄥˊ,,,,
18,2997,藹,ㄞˇ,,,,
19,2998,藿,ㄏㄨㄛˋ,,,,
20,*2999,蘁,ㄜˋ,,,,
0,3000,蘄,ㄑ｜ˊ,,,,
1,3001,蘋,1.ㄆ｜ㄣˊ\n2.ㄆ｜ㄥˊ\n(限讀),,2.限於「蘋\n果」一詞音\nㄆ｜ㄥˊ。,,
2,3002,蘉,ㄇㄤˊ,,,,
3,*3003,蘇,ㄙㄨ,,,,
4,*3004,蘊,ㄩㄣˋ,,,,
5,*3005,蘘,ㄖㄤˊ,,,,
6,3006,蘗,ㄅㄛˋ,黃蘗、蘗苦,,通「薜」時，\n音ㄅ｜ˋ。,
7,3007,蘞,ㄌ｜ㄢˋ,,,,
8,3008,蘴,1.ㄈㄥ\n2.ㄙㄨㄥ,1.「蘴蕘，蕪\n菁也。陳、\n楚之郊謂之\n蘴，魯、齊\n之郊謂之\n蕘。」（漢‧\n揚雄‧方\n言‧卷三）\n2.「菘」的異\n體字,,,
9,*3009,蘳,ㄏㄨㄚˋ,,,,
10,3010,蘬,ㄎㄨㄟ,,,,
11,3011,蘼,ㄇ｜ˊ,,,,
12,*3012,蘱,ㄌㄟˋ,,,,
13,3013,虃,ㄐ｜ㄢ,,,,
14,3014,虇,ㄑㄩㄢˇ,,,,
15,3015,虆,ㄌㄟˊ,,,,
16,3016,虋,ㄇㄣˊ,,,,
17,*3017,虒,ㄙ,,,,
18,*3018,虖,ㄏㄨ,,,,
0,3019,處,1.ㄔㄨˋ\n2.ㄔㄨˇ,1.住處、益處\n2.處理、相\n處、處士、\n處女、姓（如\n漢代有處\n興）,,,
1,*3020,虛,ㄒㄩ,,,,
2,3021,號,1.ㄏㄠˋ\n2.ㄏㄠˊ,1.記號、坐\n號、號外、\n號召、號碼\n2.號哭、呼號,,,
3,3022,虜,ㄌㄨˇ,,,,
4,3023,虪,ㄕㄨˋ,,,,
5,3024,虫,1.ㄏㄨㄟˇ\n2.ㄔㄨㄥˊ,1.蝮虫\n2.「蟲」的異\n體字,,,
6,3025,虰,ㄉ｜ㄥ,,,,另 有 ㄔ ㄥ\n音，ㄔㄥ與\nㄉ ｜ ㄥ 音 同\n為昆蟲義，併\n讀ㄉ｜ㄥ。
7,*3026,虷,ㄏㄢˊ,,,,
8,3027,虹,ㄏㄨㄥˊ,,,,
9,3028,虺,1.ㄏㄨㄟˇ\n2.ㄏㄨㄟ,1.虺蜴、虺\n蜮、「虺虺\n其雷。」（詩\n經‧邶風‧\n終風）\n2.「我馬虺\n隤。」（詩\n經‧周南‧\n卷耳）,,,
10,3029,蚢,ㄏㄤˊ,,,,
11,3030,蚌,ㄅㄤˋ,,,,
0,*3031,蚖,ㄩㄢˊ,,,,
1,3032,蚑,ㄑ｜ˊ,,,,
2,3033,蚍,ㄆ｜ˊ,,,,
3,*3034,蚘,ㄏㄨㄟˊ,,,,
4,*3035,蚝,ㄏㄠˊ,,,,
5,3036,蚡,ㄈㄣˊ,,,,
6,*3037,蚣,ㄍㄨㄥ,,,,
7,3038,蚕,1.ㄘㄢˊ\n2.ㄊ｜ㄢˇ,1.「蠶」的異\n體字\n2.豎蚕,,,
8,3039,蛇,1.ㄕㄜˊ\n2.｜ˊ,1.蛇拳、蛇行\n2.虛與委\n蛇、「蛇蛇\n碩言，出自\n口矣。」（詩\n經‧小雅‧\n巧言）,,,
9,3040,蚷,ㄐㄩˋ,,,,
10,3041,蚵,1.ㄎㄜ\n2.ㄜˊ\n(限讀),1.屎蚵蜋,2.限於「蚵」\n一詞音ㄜ\nˊ，為閩\n南、臺灣地\n區音讀，即\n牡蠣。,,
11,3042,蛆,1.ㄑㄩ\n2.ㄐㄩ,1.蛆蟲\n2.蝍蛆,,,
12,*3043,蚰,｜ㄡˊ,,,,
13,3044,蚺,ㄖㄢˊ,,,,
14,3045,蛅,ㄓㄢ,,,,
15,3046,蚱,ㄓㄚˋ,,,,
16,*3047,蚼,ㄑㄩˊ,,,,
17,3048,蚴,｜ㄡˇ,,,,
18,3049,蚸,ㄔˋ,,,,
0,*3050,蛘,｜ㄤˊ,,,,
1,*3051,蛣,ㄐ｜ㄝˊ,,,,
2,3052,蛭,ㄓˋ,,,,
3,3053,蛐,ㄑㄩ,,,,
4,*3054,蛞,ㄎㄨㄛˋ,,,,
5,3055,蛤,1.ㄍㄜˊ\n2.ㄏㄚˊ,1.蛤蜊\n2.蛤蟆,,,
6,3056,蛬,ㄍㄨㄥˇ,,,,
7,*3057,蛩,ㄑㄩㄥˊ,,,,
8,3058,蜋,ㄌㄤˊ,,,,
9,3059,蛻,ㄊㄨㄟˋ,,,,
10,*3060,蜄,ㄕㄣˋ,,,,
11,3061,蛸,ㄒ｜ㄠ,,,,
12,*3062,蜆,ㄒ｜ㄢˇ,,,,
13,*3063,蜓,ㄊ｜ㄥˊ,,,,
14,3064,蛾,ㄜˊ,蛾眉、飛蛾撲\n火、燈蛾,,通「蟻」時，\n音｜ˇ。,
15,3065,蜍,ㄔㄨˊ,,,,
16,3066,蝍,ㄐ｜ˊ,,,,
17,3067,蜿,ㄨㄢ,,,,
18,3068,蜳,ㄉㄨㄣ,,,,
19,3069,蝃,ㄓㄨㄛˊ,蝃蝥,,通「螮」時，\n音ㄉ｜ˋ。,
20,3070,蜨,ㄉ｜ㄝˊ,,,,
21,*3071,蜻,ㄑ｜ㄥ,,,,
22,3072,蝀,ㄉㄨㄥ,,,,
23,*3073,蜮,ㄩˋ,,,,
24,3074,蜡,1.ㄓㄚˋ\n2.ㄌㄚˋ,1.蜡月、蜡祭\n2.「蠟」的異\n體字,,,
25,*3075,蜩,ㄊ｜ㄠˊ,,,,
0,*3076,蜲,ㄨㄟˇ,,,,
1,3077,蜪,ㄊㄠˊ,,,,
2,3078,蜼,ㄨㄟˋ,,,,
3,3079,蜺,ㄋ｜ˊ,,,,
4,3080,蜱,ㄆ｜ˊ,,,,
5,3081,蜦,ㄌㄨㄣˊ,,,,
6,3082,蜰,ㄈㄟˊ,,,,
7,3083,蜚,ㄈㄟˇ,蜚蠊、「秋，\n有蜚，為災\n也。」（左\n傳‧莊公二十\n九年）,,通「飛」時，\n音ㄈㄟ。,
8,3084,蝳,ㄉㄨˊ,蝳蜍,,通「玳」時，\n音ㄉㄞˋ。,
9,3085,蝙,ㄅ｜ㄢ,,,,
10,3086,蝤,1.ㄑ｜ㄡˊ\n2.ㄐ｜ㄡ,1.蝤蠐\n2.蝤蛑,,,
11,*3087,蝚,ㄖㄡˊ,,,,
12,*3088,蝑,ㄒㄩ,,,,
13,3089,蝻,ㄋㄢˊ,,,,
14,3090,蝦,1.ㄒ｜ㄚ\n2.ㄏㄚˊ\n(限讀),1.魚蝦、蝦米,2.限於「蝦\n蟆」一詞音\nㄏㄚˊ。,,
15,3091,蝭,1.ㄊ｜ˊ\n2.ㄔˊ,1.蝭蟧\n2.蝭母,,,
16,3092,蝎,1.ㄒ｜ㄝ\n2.ㄏㄜˊ,1.「蠍」的異\n體字\n2.「蝎盛則木\n朽。」（三\n國‧魏‧嵇\n康‧答難養\n生論）,,,
17,3093,蝸,ㄍㄨㄚ,,,,
0,3094,蝗,ㄏㄨㄤˊ,,,,
1,*3095,蝺,ㄐㄩˇ,,,,
2,3096,蝥,ㄇㄠˊ,,,,
3,3097,螂,ㄌㄤˊ,,,,
4,3098,蟡,ㄍㄨㄟˇ,,,,
5,3099,螃,ㄆㄤˊ,,,,
6,3100,螞,1.ㄇㄚˇ\n2.ㄇㄚˋ\n(限讀),1.螞蟻、螞\n螂、螞蝗,2.限於「螞\n蚱」一詞音\nㄇㄚˋ。,,
7,*3101,蝹,ㄩㄣ,,,,
8,3102,螝,ㄏㄨㄟˋ,,,,
9,3103,螇,ㄒ｜,,,,
10,3104,螔,1.｜ˊ\n2.ㄙ,1.螔蝓\n2.螔,,,
11,3105,螣,1.ㄊㄥˊ\n2.ㄊㄜˋ,1.螣蛇\n2.「去其螟\n螣。」（詩\n經‧小雅‧\n大田）,,,
12,3106,蟅,ㄓㄜˋ,,,,
13,3107,蟀,ㄕㄨㄞˋ,,,,
14,3108,螹,ㄐ｜ㄢˋ,,,,
15,3109,螵,ㄆ｜ㄠ,,,,
16,*3110,螮,ㄉ｜ˋ,,,,
17,3111,蟉,ㄌ｜ㄡˊ,,,,
18,3112,蟆,ㄇㄚˊ,,,,
19,3113,螷,ㄆ｜ˊ,,,,
20,3114,蟄,ㄓˊ,,,,
21,3115,螫,ㄓㄜ,,,,
22,*3116,蟒,ㄇㄤˇ,,,,
23,*3117,蟧,ㄌㄠˊ,,,,
0,*3118,蟤,ㄓㄨㄢ,,,,
1,3119,蟫,ㄊㄢˊ,,,,
2,3120,蟦,ㄈㄟˊ,,,,
3,*3121,蟬,ㄔㄢˊ,,,,
4,3122,蟠,ㄆㄢˊ,龍蟠虎踞、蟠\n屈、蟠木、蟠\n曲,,,
5,*3123,蟜,ㄐ｜ㄠˇ,,,,
6,3124,蟣,ㄐ｜ˇ,,,,
7,3125,蟺,ㄕㄢˋ,,,,
8,3126,蠀,ㄗ,,,,
9,3127,蠌,ㄗㄜˊ,,,,
10,3128,蠋,ㄓㄨˊ,,,,
11,3129,蟾,ㄔㄢˊ,,,,
12,3130,蠆,ㄔㄞˋ,,,,
13,3131,蟹,ㄒ｜ㄝˋ,,,,
14,3132,蠁,ㄒ｜ㄤˋ,,,,
15,3133,蠃,ㄌㄨㄛˇ,蜾蠃、蠃蟲,,通「螺」時，\n音ㄌㄨㄛˊ。,
16,3134,蠙,ㄆ｜ㄣˊ,,,,
17,3135,蠕,ㄖㄨˊ,,,,
18,3136,蠓,ㄇㄥˊ,,,,
19,3137,蠖,ㄏㄨㄛˋ,,,,
20,3138,蠡,1.ㄌ｜ˇ\n2.ㄌ｜ˊ,1.蠡縣（在河\n北省）、范\n蠡（人名。\n春秋時楚\n人，事越王\n句踐）\n2.瓢蠡、蠡測,,,
0,3139,蠰,1.ㄕㄤˋ\n2.ㄖㄤˇ,1.「蠰，齧\n桑。」（爾\n雅‧釋蟲）\n2.蠰谿,,,
1,3140,蠲,ㄐㄩㄢ,,,,
2,3141,蠵,ㄒ｜,,,,
3,*3142,蠼,ㄐㄩㄝˊ,,,,
4,3143,蠾,ㄓㄨˊ,,,,
5,3144,血,ㄒ｜ㄝˇ,,,,
6,3145,衃,ㄆㄟ,衃血,,,
7,3146,行,1.ㄒ｜ㄥˊ\n2.ㄒ｜ㄥˋ\n3.ㄏㄤˊ\n4.ㄏㄤˋ,1.人行道、行\n書、五行、\n流行、行程\n2.品行\n3.行列、同\n行、內行、\n行家、太行\n山\n4.「行行如\n也。」（論\n語‧先進）,,,
8,3147,衍,｜ㄢˇ,,,,
9,3148,術,ㄕㄨˋ,算術、術語,,通「遂」時，\n音ㄙㄨㄟˋ。,
10,3149,衖,ㄌㄨㄥˋ,,,,
11,*3150,衕,ㄊㄨㄥˊ,,,,
12,3151,衙,1.｜ㄚˊ\n2.ㄩˊ\n(限讀),1.衙門,2.限於「衙\n衙」一詞音\nㄩˊ。,,
13,3152,衝,1.ㄔㄨㄥ\n2.ㄔㄨㄥˋ,1.要衝、衝突\n2.衝南走、太\n衝、「衝你\n的面子。」,,,
0,3153,衣,1.｜\n2.｜ˋ,1.上衣、和衣\n而睡\n2.衣錦還鄉,,,文言動詞\n音｜ˋ。
1,3154,衪,｜ˊ,,,,
2,3155,衩,ㄔㄚˋ,,,,
3,3156,衾,ㄑ｜ㄣ,,,,
4,3157,衰,1.ㄕㄨㄞ\n2.ㄘㄨㄟ,1.衰弱\n2.斬衰、趙衰\n（人名。春\n秋時晉國大\n夫）,,,
5,*3158,衷,ㄓㄨㄥ,,,,
6,3159,衵,ㄋ｜ˋ,,,,
7,3160,衹,ㄑ｜ˊ,,,,
8,*3161,衿,ㄐ｜ㄣ,,,,
9,3162,袤,ㄇㄠˋ,,,,
10,3163,袌,ㄅㄠˋ,「袌，褱也。」\n（說文）,,通「袍」時，\n音ㄆㄠˊ。,
11,3164,袢,ㄆㄢˋ,,,,讀同「畔」、\n「絆」，依偏\n旁取音。
12,3165,,1.ㄇㄛˋ\n2.ㄨㄚˋ,1.肚\n2.「襪」的異\n體字,,,
13,3166,袘,｜ˊ,,,,
14,3167,袧,ㄍㄡ,,,,
15,3168,被,ㄅㄟˋ,棉被、被子,,通「披」時，\n音ㄆ｜。,
16,*3169,袙,ㄆㄚˋ,,,,
17,*3170,袗,ㄓㄣˇ,,,,
0,3171,,ㄍㄨㄟ,「微風動\n，組帳高\n褰。」（文\n選‧嵇康‧贈\n秀才入軍詩\n五首之五）、\n「理襟，整\n服飾。」\n（晉‧夏侯‧\n湛賦）,,通「掛」時，\n音ㄍㄨㄚˋ。,
1,3172,袺,ㄐ｜ㄝˊ,,,,
2,*3173,袾,ㄓㄨ,,,,
3,3174,袼,ㄌㄨㄛˋ,,,,
4,3175,袷,ㄐ｜ㄚˊ,,,,
5,3176,裛,｜ˋ,,,,
6,*3177,裒,ㄆㄡˊ,,,,
7,3178,,ㄍㄜˊ,,,,
8,*3179,裡,ㄌ｜ˇ,,,,
9,3180,裎,ㄔㄥˊ,,,,
10,3181,裳,1.ㄔㄤˊ\n2.‧ㄕㄤ\n(限讀),1.「綠兮衣\n兮，綠衣黃\n裳。」（詩\n經‧邶風‧\n綠衣）,2.限於「衣\n裳」一詞音\n‧ㄕㄤ。,,
11,*3182,裴,ㄆㄟˊ,,,,
12,*3183,裷,ㄩㄢ,,,,
13,*3184,裾,ㄐㄩ,,,,
14,*3185,裺,｜ㄢˇ,,,,
0,3186,裼,1.ㄒ｜ˊ\n2.ㄊ｜ˋ,1.「雖袒裼裸\n裎於我側，\n爾焉能浼我\n哉？」（孟\n子‧公孫丑\n上）\n2.「乃生女子\n載寢之地，\n載衣之裼，\n載弄之瓦。」\n（詩經‧小\n雅‧斯干）,,,
1,3187,裯,1.ㄔㄡˊ\n2.ㄉㄠ,1.「抱衾與\n裯。」（詩\n經‧召南‧\n小星）\n2.袛裯（短\n衣）,,,
2,3188,裨,1.ㄅ｜ˋ\n2.ㄆ｜ˊ,1.無裨於\n事、裨益\n2.裨諶、裨將,,,
3,*3189,褚,ㄔㄨˇ,,,,
4,3190,褎,1.｜ㄡˋ\n2.ㄒ｜ㄡˋ,1.褎然\n2.「羔裘豹\n褎。」（詩\n經‧唐風‧\n羔裘）,,,
5,*3191,褘,ㄏㄨㄟ,,,,
6,3192,褊,ㄅ｜ㄢˇ,,,,
7,3193,褕,1.ㄩˊ\n2.ㄊㄡˊ,1.襜褕、「褕\n衣甘食。」\n（史記‧淮\n陰侯傳）\n2.褕,,,
8,3194,褪,ㄊㄨㄣˋ,褪衣、褪毛,,,
0,3195,褦,ㄋㄞˋ,,,,
1,3196,褫,ㄔˇ,,,,
2,3197,褶,1.ㄉ｜ㄝˊ\n2.ㄓㄜˊ\n3.ㄓㄜˇ\n4.ㄒㄩㄝˊ,1.「帛為褶。」\n（禮記‧玉\n藻）\n2.百褶裙、褶\n曲、襞褶\n3.「衣服上淨\n是褶子。」\n4.褶子（戲\n裝）,,,
3,*3198,褸,ㄌㄩˇ,,,,
4,*3199,襂,ㄕㄢ,,,,
5,3200,襓,ㄖㄠˊ,,,,
6,3201,襆,ㄆㄨˊ,,,,
7,3202,襢,ㄓㄢˋ,襢衣,,通「袒」時，\n音ㄊㄢˇ。,
8,3203,襗,ㄗㄜˊ,,,,
9,3204,襡,1.ㄕㄨˊ\n2.ㄉㄨˊ,1.「服襡，\n炫金翠。」\n（晉書‧夏\n統傳）\n2.「斂簟而襡\n之。」（禮\n記‧內則）,,,
10,3205,襜,ㄔㄢ,,,,
11,*3206,襝,ㄌ｜ㄢˋ,,,,
12,*3207,襘,ㄍㄨㄟˋ,,,,
13,3208,襬,ㄅㄞˇ,,,,
14,*3209,襳,ㄒ｜ㄢ,,,,
0,3210,襶,ㄉㄞˋ,,,,「褦襶」（不\n合身、馬虎）\n一詞，音ㄌ\nㄜ‧ㄉㄜ，乃\n北平土音，\n刪。
1,*3211,襹,ㄕ,,,,
2,3212,襾,｜ㄚˋ,,,,
3,*3213,西,ㄒ｜,,,,
4,3214,要,1.｜ㄠˋ\n2.｜ㄠ,1.摘要、需\n要、要職\n2.要求、要\n功、要挾、\n姓（如春秋\n時吳國有要\n離）,,,
5,*3215,覂,ㄈㄥˇ,,,,
6,3216,覃,1.ㄊㄢˊ\n2.ㄑ｜ㄣˊ,1.覃思、「覃\n及鬼方。」\n（詩經‧大\n雅‧蕩）、\n姓（見通志\n氏族略）\n2.姓（如唐代\n有覃季）,,,
7,3217,見,ㄐ｜ㄢˋ,偏見、接見、\n看見、見識,,通「現」時，\n音ㄒ｜ㄢˋ。,
8,*3218,規,ㄍㄨㄟ,,,,
9,3219,覕,ㄇ｜ㄝˋ,,,,
10,*3220,視,ㄕˋ,,,,
11,3221,覘,ㄓㄢ,,,,
12,3222,覜,ㄊ｜ㄠˋ,,,,
13,3223,覛,ㄇㄛˋ,,,,
0,3224,親,1.ㄑ｜ㄣ\n2.ㄑ｜ㄥˋ,1.親戚、親\n近、親吻、\n親熱、親兄\n弟\n2.親家、親家\n母,,,
1,3225,覦,ㄩˊ,,,,
2,3226,覭,ㄇ｜ㄥˊ,,,,
3,3227,覲,ㄐ｜ㄣˋ,,,,
4,3228,覺,1.ㄐㄩㄝˊ\n2.ㄐ｜ㄠˋ,1.知覺、發\n覺、覺醒、\n覺悟、覺得\n2.睡覺,,,
5,3229,覿,ㄉ｜ˊ,,,,
6,3230,觀,1.ㄍㄨㄢ\n2.ㄍㄨㄢˋ,1.美觀、參觀\n2.道觀、貞觀\n之治,,,
7,3231,角,1.ㄐ｜ㄠˇ\n2.ㄐㄩㄝˊ\n3.ㄌㄨˋ,1.角落、號\n角、八角、\n角力、口角\n2.主角、角\n色、角宿、\n「宮、商、\n角、徵、羽\n五音。」\n3.角里（角，\n或作甪）,,,對角、角落、\n號角等義，音\nㄐ｜ㄠˇ；五\n音、戲曲演\n員、角宿等\n義，音\nㄐㄩㄝˊ。
8,3232,觖,ㄐㄩㄝˊ,,,,
9,*3233,觕,ㄘㄨ,,,,
10,*3234,觟,ㄏㄨㄚˋ,,,,
0,3235,解,1.ㄐ｜ㄝˇ\n2.ㄐ｜ㄝˋ\n3.ㄒ｜ㄝˋ,1.見解、解\n剖、解脫、\n和解、庖丁\n解牛、解悶\n2.解元、押解\n3.解縣（在山\n西省）、姓\n（如明代有\n解縉）,,,
1,3236,觜,ㄗ,,,,
2,3237,觭,ㄐ｜,,,,
3,3238,觰,ㄓㄚ,,,,
4,3239,觳,1.ㄑㄩㄝˋ\n2.ㄏㄨˊ,1.觳薄、觳土\n2.觳觫、「五\n粟之狀，剛\n而不觳。」\n（管子‧地\n員）,,,
5,3240,觶,ㄓˋ,,,,
6,3241,觺,｜ˊ,,,,
7,3242,觻,ㄌㄨˋ,,,,
8,3243,觿,ㄒ｜,,,,
9,3244,言,｜ㄢˊ,,,,
10,3245,訂,ㄉ｜ㄥˋ,,,,
11,*3246,訇,ㄏㄨㄥ,,,,
12,3247,訄,ㄑ｜ㄡˊ,,,,
13,3248,訐,ㄐ｜ㄝˊ,,,,
14,3249,訑,｜ˊ,訑訑,,通「詑」時，\n音ㄊㄨㄛ。,
15,3250,訕,ㄕㄢˋ,,,,
16,*3251,訪,ㄈㄤˇ,,,,
17,3252,訥,ㄋㄜˋ,,,,
0,3253,訬,1.ㄔㄠ\n2.ㄇ｜ㄠˇ,1.「越人有重\n遲者，而人\n謂之訬。」\n（淮南子‧\n脩務）\n2.訬婧（苗\n條）,,,
1,3254,許,ㄒㄩˇ,,,,
2,3255,訰,ㄓㄨㄣˋ,,,,
3,3256,訢,ㄒ｜ㄣ,,,,
4,*3257,訟,ㄙㄨㄥˋ,,,,
5,3258,証,ㄓㄥˋ,,,,
6,3259,詁,ㄍㄨˇ,,,,
7,*3260,詔,ㄓㄠˋ,,,,
8,3261,詛,ㄗㄨˇ,,,,
9,3262,詀,ㄓㄢ,詀諵,,通「呫」時，\n音ㄔㄜˋ。,
10,3263,詗,ㄒㄩㄥˋ,,,,
11,3264,詘,ㄑㄩ,「詘敵國，制\n海內。」（戰\n國策‧秦策\n一）,,通「黜」時，\n音ㄔㄨˋ。,
12,3265,詒,｜ˊ,「自詒伊\n祖。」（詩\n經‧邶風‧雄\n雉）,,通「紿」時，\n音ㄉㄞˋ。,
13,3266,詄,｜ˋ,,,,
14,3267,詐,ㄓㄚˋ,,,,
15,3268,詅,ㄌ｜ㄥˊ,,,,
16,3269,診,ㄓㄣˇ,,,,
17,3270,詶,ㄔㄡˊ,,,,
18,*3271,詳,ㄒ｜ㄤˊ,,,,
19,3272,詿,ㄍㄨㄚˋ,,,,
0,3273,詷,ㄉㄨㄥˋ,,,,
1,3274,誂,1.ㄉ｜ㄠˋ\n2.ㄊ｜ㄠˇ,1.「雖誂合刃\n於天下，誰\n敢在於上\n者。」（淮\n南子‧兵略）\n2.「楚人有兩\n妻者，人誂\n其長者，詈\n之；誂其少\n者，少者許\n之。」（戰\n國策‧秦策\n一）,,,
2,*3275,誃,ㄔˇ,,,,
3,3276,詵,ㄕㄣ,,,,
4,3277,詻,ㄜˋ,,,,
5,3278,詬,ㄍㄡˋ,,,,
6,3279,訾,ㄗˇ,,,,
7,*3280,詹,ㄓㄢ,,,,
8,3281,語,1.ㄩˇ\n2.ㄩˋ,1.國語、手\n語、閒言閒\n語\n2.「吾語\n汝。」、「不\n以語人。」,,,文言動詞音\nㄩˋ。
9,3282,誣,ㄨ,,,,
10,3283,誒,ㄒ｜,,,,
11,3284,誨,ㄏㄨㄟˋ,,,,
12,3285,誘,｜ㄡˋ,,,,
13,3286,誑,ㄎㄨㄤˊ,,,,
0,3287,說,1.ㄕㄨㄛ\n2.ㄕㄨㄟˋ,1.邪說、小\n說、說話、\n說明、光說\n不練\n2.說客、游說,,通「悅」時，\n音ㄩㄝˋ。,
1,3288,誼,｜ˋ,,,,
2,3289,諄,ㄓㄨㄣ,,,,
3,3290,諒,ㄌ｜ㄤˋ,,,,
4,*3291,誶,ㄙㄨㄟˋ,,,,
5,3292,誸,ㄒ｜ㄢˊ,,,,
6,3293,請,1.ㄑ｜ㄥˇ\n2.ㄐ｜ㄥˋ\n(限讀),1.請求、請\n客、請帖、\n邀請、請問,2.限於「朝\n請」一詞音\nㄐ｜ㄥˋ。,,
7,3294,諏,ㄗㄡ,,,,
8,3295,諓,ㄐ｜ㄢˋ,,,,
9,3296,調,1.ㄊ｜ㄠˊ\n2.ㄉ｜ㄠˋ,1.調羹、調\n色、調笑、\n調養、調皮\n2.租庸調\n法、聲調、\n格調、調換,,,
10,3297,誹,ㄈㄟˇ,,,,
11,3298,諉,ㄨㄟˇ,,,,
12,3299,誰,ㄕㄟˊ,,,,
13,*3300,諍,ㄓㄥ,,,,
14,3301,論,1.ㄌㄨㄣˋ\n2.ㄌㄨㄣˊ\n(限讀),1.言論、議論\n紛紛、論\n罪、爭論不\n休,2.限於「論\n語」一詞音\nㄌㄨㄣˊ。,,
15,*3302,諸,ㄓㄨ,,,,
16,3303,諛,ㄩˊ,,,,
17,3304,諠,ㄒㄩㄢ,,,,
18,*3305,諦,ㄉ｜ˋ,,,,
0,*3306,諳,ㄢ,,,,
1,3307,諢,ㄏㄨㄣˋ,,,,
2,*3308,諺,｜ㄢˋ,,,,
3,3309,諝,ㄒㄩˇ,,,,
4,*3310,諰,ㄒ｜ˇ,,,,
5,3311,諞,ㄆ｜ㄢˊ,,,,
6,3312,諷,ㄈㄥˋ,,,,
7,3313,諼,ㄒㄩㄢ,,,,
8,3314,謞,ㄏㄜˋ,,,,
9,3315,謎,ㄇ｜ˊ,,,,
10,*3316,講,ㄐ｜ㄤˇ,,,,
11,*3317,謅,ㄗㄡ,,,,
12,*3318,謏,ㄒ｜ㄠˇ,,,,
13,3319,謑,ㄒ｜ˋ,,,,
14,3320,謙,ㄑ｜ㄢ,謙虛,,通「慊」時，\n音ㄑ｜ㄝˋ。,
15,3321,謕,ㄊ｜ˊ,,,,
16,*3322,謍,｜ㄥˊ,,,,
17,3323,謈,ㄆㄛˋ,,,,
18,3324,謣,1.ㄩˊ\n2.ㄒㄩ\n(限讀),1.「謣言敗\n俗。」（漢‧\n揚雄‧法\n言‧問明）,2.限於「輿\n謣」一詞音\nㄒㄩ。,,
19,3325,謬,ㄇ｜ㄡˋ,,,,
20,*3326,謱,ㄌㄡˊ,,,,
21,3327,謾,1.ㄇㄢˊ\n2.ㄇㄢˋ,1.欺謾\n2.謾罵,,,
22,*3328,謯,ㄗㄨˇ,,,,
23,*3329,謼,ㄏㄨ,,,,
24,3330,謨,ㄇㄛˊ,,,,
25,3331,謷,ㄠˊ,,,,
0,3332,謦,ㄑ｜ㄥˋ,,,,
1,3333,識,1.ㄕˋ\n2.ㄓˋ,1.常識、識\n別、見識\n2.標識、「默\n而識之。」\n（論語‧述\n而）,,,
2,*3334,譔,ㄓㄨㄢˋ,,,,
3,3335,譊,ㄋㄠˊ,,,,
4,3336,譕,ㄇㄛˊ,,,,
5,3337,譙,ㄑ｜ㄠˊ,譙樓,,通「誚」時，\n音ㄑ｜ㄠˋ。,
6,3338,譜,ㄆㄨˇ,,,,
7,*3339,議,｜ˋ,,,,
8,3340,譟,ㄗㄠˋ,,,,
9,3341,譴,ㄑ｜ㄢˇ,,,,
10,3342,譺,ㄞˋ,,,,
11,3343,譽,ㄩˋ,,,,
12,3344,讀,1.ㄉㄨˊ\n2.ㄉㄡˋ,1.讀書、讀本\n2.句讀,,,
13,3345,讂,ㄒㄩㄢˋ,,,,
14,3346,讘,ㄓㄜˊ,,,,
15,3347,讞,｜ㄢˋ,,,,
16,3348,谷,1.ㄍㄨˇ\n2.ㄩˋ,1.山谷、「進\n退維谷。」\n（詩經‧大\n雅‧桑柔）、\n姓（如清代\n有谷應泰）\n2.吐谷渾（古\n國名）、谷\n渾（複姓）,,,
17,3349,谻,ㄐㄩㄝˊ,,,,
0,3350,谾,ㄏㄨㄥ,,,,
1,3351,豁,1.ㄏㄨㄛˋ\n2.ㄏㄨㄚˊ\n(限讀),1.豁免、豁達,2.限於「豁\n拳」一詞音\nㄏㄨㄚˊ。,,
2,3352,谿,ㄒ｜,,,,
3,*3353,豆,ㄉㄡˋ,,,,
4,3354,豈,ㄑ｜ˇ,豈有此理、豈\n敢、豈能,,通「愷」時，\n音ㄎㄞˇ。,
5,3355,豉,ㄔˇ,,,,
6,*3356,豜,ㄐ｜ㄢ,,,,
7,*3357,豚,ㄊㄨㄣˊ,,,,
8,*3358,豦,ㄐㄩˋ,,,,
9,3359,豨,ㄒ｜,,,,
10,*3360,猪,ㄓㄨ,,,,
11,3361,豫,ㄩˋ,,,,
12,3362,豲,ㄏㄨㄢˊ,,,,
13,*3363,豳,ㄅ｜ㄣ,,,,
14,3364,豸,ㄓˋ,,,,
15,3365,豻,1.ㄢˋ\n2.ㄏㄢˋ,1.「豻，胡地\n野狗。」（說\n文）\n2.「原獄刑所\n以蕃若此\n者，……姦\n不輒得，獄\n豻不平之所\n致也。」（漢\n書‧刑法志）,,,
16,3366,貉,ㄏㄜˊ,一丘之貉,,通「貊」時，\n音ㄇㄛˋ。,
17,*3367,貍,ㄌ｜ˊ,,,,
18,3368,貓,ㄇㄠ,,,,
19,3369,貙,ㄔㄨ,,,,
0,3370,貗,ㄐㄩˋ,,,,
1,3371,貞,ㄓㄣ,,,,
2,*3372,貤,｜ˊ,,,,
3,3373,責,ㄗㄜˊ,責任、責備、\n責難、職責,,通「債」時，\n音ㄓㄞˋ。,
4,*3374,貫,ㄍㄨㄢˋ,,,,
5,*3375,貪,ㄊㄢ,,,,
6,3376,貺,ㄎㄨㄤˋ,,,,
7,3377,費,ㄈㄟˋ,,,,
8,3378,賁,1.ㄅ｜ˋ\n2.ㄅㄣ,1.賁然、賁\n臨、賁卦\n2.虎賁,,,
9,3379,貰,ㄕˋ,,,,
10,3380,貿,ㄇㄠˋ,,,,
11,3381,貸,ㄉㄞˋ,,,,
12,3382,賊,ㄗㄟˊ,,,,
13,3383,賄,ㄏㄨㄟˋ,,,,
14,*3384,資,ㄗ,,,,
15,3385,賈,1.ㄐ｜ㄚˇ\n2.ㄍㄨˇ,1.姓（如唐代\n有賈公彥）\n2.商賈、賈\n利、賈禍,,通「價」時，\n音ㄐ｜ㄚˋ。,
16,3386,賃,ㄌ｜ㄣˋ,,,,
17,*3387,賑,ㄓㄣˋ,,,,
18,3388,賓,ㄅ｜ㄣ,,,,
19,3389,賜,ㄙˋ,,,,
20,3390,賢,ㄒ｜ㄢˊ,,,,
21,3391,賚,ㄌㄞˋ,,,,
22,3392,質,1.ㄓˊ\n2.ㄓˋ,1.物質、性\n質、質樸\n2.人質、典質,,,
23,3393,賺,ㄓㄨㄢˋ,,,,
0,3394,賸,ㄕㄥˋ,,,,
1,3395,贛,ㄍㄢˋ,,,,
2,3396,赨,ㄊㄨㄥˊ,,,,
3,3397,赩,ㄒ｜ˋ,,,,
4,*3398,赫,ㄏㄜˋ,,,,
5,3399,走,ㄗㄡˇ,,,,
6,3400,赳,ㄐ｜ㄡ,,,,
7,3401,赶,1.ㄑ｜ㄢˊ\n2.ㄍㄢˇ,1.「赶，獸舉\n尾走。」（廣\n韻）\n2.「趕」的異\n體字,,,
8,*3402,越,ㄩㄝˋ,,,,
9,3403,趄,ㄐㄩ,,,,
10,*3404,趁,ㄔㄣˋ,,,,
11,3405,趑,ㄗ,,,,
12,*3406,趍,ㄑㄩ,,,,
13,*3407,趙,ㄓㄠˋ,,,,
14,3408,趣,ㄑㄩˋ,興趣、旨趣、\n趣味、有趣,,通「促」時，\n音ㄘㄨˋ。,
15,*3409,趟,ㄊㄤˋ,,,,
16,3410,趠,ㄓㄨㄛˊ,,,,
17,3411,趡,ㄘㄨㄟˇ,,,,
18,3412,趨,ㄑㄩ,趨勢、趨前,,通「促」時，\n音ㄘㄨˋ。,
19,3413,趬,ㄑ｜ㄠ,,,,
20,3414,趫,ㄑ｜ㄠˊ,,,,
21,3415,趭,ㄐ｜ㄠˋ,,,,
22,3416,趯,ㄊ｜ˋ,趯趯、趯筆,,,
23,3417,趲,ㄗㄢˇ,,,,
0,3418,足,1.ㄗㄨˊ\n2.ㄐㄩˋ\n(限讀),1.手足之\n情、三足\n鼎、微不足\n道,2.限於「足\n恭」一詞音\nㄐㄩˋ。,,
1,*3419,趵,ㄅㄠˋ,,,,
2,*3420,趼,ㄐ｜ㄢˇ,,,,
3,*3421,趹,ㄐㄩㄝˊ,,,,
4,3422,跂,ㄑ｜ˊ,跂跂、跂蹻、\n「膏澤并\n愛，跂行畢\n逮。」（漢\n書‧禮樂志）,,通「企」時，\n音ㄑ｜ˋ。,
5,3423,趿,1.ㄙㄚˋ\n2.ㄊㄚ,1.「欲向何門\n趿珠履。」\n（唐‧杜\n甫‧短歌行）\n2.「他趿拉著\n鞋走路。」,,,
6,3424,跇,ㄔˋ,,,,
7,3425,跖,ㄓˊ,,,,
8,3426,跋,ㄅㄚˊ,,,,
9,3427,跕,ㄊ｜ㄝ,,,,
10,3428,跑,ㄆㄠˇ,跑步、賽跑、\n逃跑、跑新聞,,通「刨」時，\n音ㄆㄠˊ。,
11,3429,跛,1.ㄅㄛˇ\n2.ㄅ｜ˋ,1.跛腳、跛子\n2.跛倚,,,
12,3430,跚,ㄕㄢ,,,,
13,3431,跗,ㄈㄨ,,,,
14,3432,跤,ㄐ｜ㄠ,,,,
15,*3433,跰,ㄆ｜ㄢˊ,,,,
16,3434,跬,ㄎㄨㄟˇ,,,,
17,3435,跩,ㄓㄨㄞˇ,,,,
18,3436,跐,ㄘˇ,,,,
0,*3437,跳,ㄊ｜ㄠˋ,,,,
1,*3438,跦,ㄓㄨ,,,,
2,3439,跺,ㄉㄨㄛˋ,,,,
3,3440,跪,ㄍㄨㄟˋ,,,,
4,*3441,跣,ㄒ｜ㄢˇ,,,,
5,*3442,路,ㄌㄨˋ,,,,
6,3443,跧,ㄑㄩㄢˊ,,,,
7,3444,跲,ㄐ｜ㄚˊ,,,,
8,3445,跫,ㄑㄩㄥˊ,,,,
9,3446,踉,1.ㄌ｜ㄤˊ\n2.ㄌ｜ㄤˋ,1.跳踉\n2.踉蹌，音\nㄑ｜ㄤˋ,,,
10,3447,跼,ㄐㄩˊ,,,,
11,3448,踆,1.ㄘㄨㄣ\n2.ㄑㄩㄣ,1.踆鴟、「祁\n彌明逆而踆\n之。」（公\n羊傳‧宣公\n六年）\n2.踆踆、「千\n品萬官，已\n事而踆。」\n（文選‧張\n衡‧東京賦）,,,
12,3449,踅,ㄒㄩㄝˊ,,,,
13,*3450,踠,ㄨㄢˇ,,,,
14,3451,踣,ㄅㄛˊ,,,,
15,*3452,踤,ㄗㄨˊ,,,,
16,3453,踞,ㄐㄩˋ,,,,
17,3454,踑,ㄑ｜ˊ,,,,
18,3455,踖,ㄐ｜ˊ,,,,
19,3456,踐,ㄐ｜ㄢˋ,,,,
0,3457,踦,1.ㄐ｜ˇ\n2.｜ˇ,1.「踦，脛\n也。」（廣\n雅‧釋親）、\n汪踦（人\n名。春秋時\n魯國童子，\n齊伐魯，戰\n死）\n2.「膝之所\n踦。」（莊\n子‧養生主）,,通「崎嶇」之\n「崎」時，音\nㄑ｜ˊ。,
1,3458,踝,ㄏㄨㄞˊ,,,,
2,*3459,踢,ㄊ｜,,,,
3,3460,踧,1.ㄘㄨˋ\n2.ㄉ｜ˊ,1.踧踖\n2.踧踧（平坦\n貌）,,,
4,3461,踔,ㄓㄨㄛˊ,,,,
5,*3462,踩,ㄘㄞˇ,,,,
6,3463,蹁,ㄆ｜ㄢˊ,,,,
7,*3464,蹄,ㄊ｜ˊ,,,,
8,3465,蹂,ㄖㄡˊ,,,,
9,3466,踳,ㄔㄨㄣˇ,,,,
10,3467,蹀,ㄉ｜ㄝˊ,,,,
11,3468,踶,ㄉ｜ˋ,,,,
12,*3469,踼,ㄉㄤˋ,,,,
13,3470,踹,ㄔㄨㄞˋ,,,,
14,*3471,踰,ㄩˊ,,,,
15,*3472,蹇,ㄐ｜ㄢˇ,,,,
16,*3473,蹍,ㄓㄢˇ,,,,
17,3474,蹊,ㄒ｜,幽蹊、蹊蹺,,,
18,3475,蹌,1.ㄑ｜ㄤ\n2.ㄑ｜ㄤˋ,2.踉蹌,,,
19,3476,蹢,ㄓˊ,,,,
0,3477,蹣,ㄇㄢˊ,,,,
1,*3478,蹛,ㄉㄞˋ,,,,
2,3479,蹡,ㄑ｜ㄤ,,,,
3,3480,蹔,ㄓㄢˋ,,,,
4,3481,蹙,ㄘㄨˋ,,,,
5,3482,蹴,ㄘㄨˋ,,,,
6,3483,蹲,ㄉㄨㄣ,,,,
7,*3484,蹬,ㄉㄥˋ,,,,
8,3485,蹶,ㄐㄩㄝˊ,,,,
9,3486,蹼,ㄆㄨˊ,,,,
10,3487,蹻,1.ㄑ｜ㄠ\n2.ㄐ｜ㄠˇ\n3.ㄐㄩㄝˊ,1.踩高蹻\n2.蹻蹻、蹻勇\n3.「蹻然不\n固。」（呂\n氏春秋‧仲\n春紀‧情\n欲）、「躡\n蹻擔簦。」\n（史記‧虞\n卿傳）,,,
11,*3488,躇,ㄔㄨˊ,,,,
12,*3489,躅,ㄓㄨˊ,,,,
13,3490,躋,ㄐ｜,,,,
14,3491,躍,ㄩㄝˋ,,,,
15,3492,躒,1.ㄌ｜ˋ\n2.ㄌㄨㄛˋ\n(限讀),1.「荀躒以晉\n侯之命唁\n公。」（左\n傳‧昭公三\n十一年）、\n「騏驥一\n躒，不能千\n里。」（大\n戴禮記‧勸\n學）,2.限於「卓\n躒」一詞音\nㄌㄨㄛˋ。,,
0,3493,躟,ㄖㄤˇ,,,,
1,3494,躠,ㄙㄚˋ,,,,
2,3495,躤,ㄐ｜ˊ,,,,
3,3496,躦,ㄗㄨㄢ,,,,
4,3497,身,1.ㄕㄣ\n2.ㄐㄩㄢ\n(限讀),1.身體、本\n身、一顯身\n手、腰身,2.限於「身\n毒」一詞音\nㄐㄩㄢ。,,
5,3498,車,1.ㄐㄩ讀\n2.ㄔㄜ語,1.車馬炮、學\n富五車\n2.汽車、試\n車、車衣\n服、姓（如\n漢代有車\n順）,,,
6,3499,軋,1.｜ㄚˋ\n2.ㄍㄚˊ,1.軋軋、傾\n軋、「被車\n軋了！」\n2.軋頭寸,,,
7,*3500,軒,ㄒㄩㄢ,,,,
8,3501,軏,ㄩㄝˋ,,,,
9,3502,軑,ㄉㄞˋ,,,,
10,3503,軻,ㄎㄜ,孟軻（即孟\n子）、軻峨,,通「坷」時，\n音ㄎㄜˇ。,
11,3504,軺,｜ㄠˊ,,,,
12,3505,軷,ㄅㄚˊ,,,,
13,3506,軸,ㄓㄡˊ,,,,
14,*3507,軼,｜ˋ,,,,
15,3508,軥,ㄑㄩˊ,,,,
16,3509,軵,ㄈㄨˇ,,,,
17,3510,軬,ㄈㄢˋ,,,,
18,3511,較,ㄐ｜ㄠˋ,,,,
19,*3512,輆,ㄎㄞˇ,,,,
0,3513,軿,1.ㄆ｜ㄥˊ\n2.ㄆㄥ,1.軿車、輜軿\n2.軿訇,,,
1,3514,載,1.ㄗㄞˋ\n2.ㄗㄞˇ,1.刊載、文以\n載道、載重\n量、姓（如\n清代有載\n灃，光緒之\n弟）\n2.一年半\n載、千年萬\n載,,,
2,3515,輁,ㄍㄨㄥˇ,,,,
3,*3516,輅,ㄌㄨˋ,,,,
4,3517,輇,ㄑㄩㄢˊ,,,,
5,3518,輐,ㄨㄢˋ,,,,
6,*3519,輑,ㄑㄩㄣ,,,,
7,*3520,輕,ㄑ｜ㄥ,,,,
8,3521,輓,ㄨㄢˇ,,,,
9,3522,輟,ㄔㄨㄛˋ,,,,
10,3523,輛,ㄌ｜ㄤˋ,,,,
11,*3524,輘,ㄌ｜ㄥˊ,,,,
12,3525,輠,ㄍㄨㄛˇ,,,,
13,3526,輪,ㄌㄨㄣˊ,,,,
14,3527,輜,ㄗ,,,,
15,3528,輦,ㄋ｜ㄢˇ,,,,
16,3529,輶,｜ㄡˊ,,,,
17,*3530,輵,ㄍㄜˊ,,,,
18,*3531,輲,ㄔㄨㄢˊ,,,,
19,*3532,輸,ㄕㄨ,,,,
20,*3533,轄,ㄒ｜ㄚˊ,,,,
21,3534,輾,ㄓㄢˇ,輾轉、輾轉遷\n徙,,通「碾」時，\n音ㄋ｜ㄢˇ。,
0,*3535,轀,ㄨㄣ,,,,
1,3536,轂,1.ㄍㄨˇ\n2.ㄍㄨ,1.輦轂、推\n轂、轂擊肩\n摩、「轉轂\n百數。」（漢\n書‧食貨志\n下）\n2.車轂轆、轂\n轆錢兒,,,
2,3537,轉,1.ㄓㄨㄢˇ\n2.ㄓㄨㄢˋ,1.轉學、轉\n彎、旋轉、\n颱風轉向\n2.轉圈兒、暈\n頭轉向、地\n球自轉、公\n轉,,,二音皆取。音\nㄓㄨㄢˇ，改\n變方向義。音\nㄓㄨㄢˋ，指\n運動時：有\n軸可繞。可\n回到原點的\n轉動。
3,3538,轍,1.ㄔㄜˋ\n2.ㄓㄜˊ,1.車轍、如出\n一轍\n2.「沒轍\n了！」、「不\n合轍兒。」,,,
4,3539,轇,ㄐ｜ㄡ,,,,
5,*3540,轔,ㄌ｜ㄣˊ,,,,
6,3541,轑,ㄌㄠˇ,,,,
7,3542,轐,ㄅㄨˊ,,,,
8,3543,轎,ㄐ｜ㄠˋ,,,,
9,*3544,轙,｜ˇ,,,,
10,3545,轗,ㄎㄢˇ,,,,
11,3546,轘,ㄏㄨㄢˊ,,,,
12,3547,轛,ㄉㄨㄟˋ,,,,
13,3548,轝,ㄩˊ,,,,
14,3549,轡,ㄆㄟˋ,,,,
0,3550,辟,1.ㄅ｜ˋ\n2.ㄆ｜ˋ,1.復辟、辟\n王、辟召\n2.辟除、辟\n匿、大辟囚,,通「闢」、\n「僻」、\n「譬」、「擗」\n時，音ㄆ｜\nˋ。,
1,*3551,辨,ㄅ｜ㄢˋ,分辨、辨別、\n明辨是非,,,
2,*3552,辯,ㄅ｜ㄢˋ,,,,
3,3553,辱,ㄖㄨˋ,,,,
4,3554,辴,ㄓㄣˇ,,,,
5,3555,迂,ㄩ,,,,
6,3556,迆,｜ˊ,,,,
7,3557,迄,ㄑ｜ˋ,,,,
8,*3558,巡,ㄒㄩㄣˊ,,,,
9,3559,,ㄨㄤˋ,,,,
10,3560,迕,ㄨˇ,,,,
11,3561,迎,｜ㄥˊ,,,,
12,*3562,近,ㄐ｜ㄣˋ,,,,
13,*3563,迣,ㄓˋ,,,,
14,*3564,迦,ㄐ｜ㄚ,,,,
15,3565,迥,ㄐㄩㄥˇ,,,,
16,3566,迤,｜ˊ,,,,
17,3567,迮,ㄗㄜˊ,,,,
18,3568,迫,ㄆㄛˋ,,,,
19,3569,迸,ㄅㄥˋ,,,,
20,3570,逄,1.ㄆㄤˊ\n2.ㄈㄥˊ,1.姓。\n2.「逢」之異\n體,,,
21,*3571,退,ㄊㄨㄟˋ,,,,
22,3572,迵,ㄉㄨㄥˋ,,,,
23,3573,适,ㄍㄨㄚ,,,,
0,3574,追,1.ㄓㄨㄟ\n2.ㄉㄨㄟ,1.追根究\n柢、追兵、\n追憶、追問\n2.「追琢其\n章。」（詩\n經‧大雅‧\n棫樸）、「追\n師掌王后之\n首服。」（周\n禮‧天官‧\n追師）、「以\n追蠡。」（孟\n子‧盡心下）,,,
1,3575,逅,ㄏㄡˋ,,,,
2,3576,這,ㄓㄜˋ,,,,
3,3577,通,ㄊㄨㄥ,,,,
4,3578,連,ㄌ｜ㄢˊ,,,,
5,3579,逞,ㄔㄥˇ,,,,
6,*3580,逡,ㄑㄩㄣ,,,,
7,3581,造,ㄗㄠˋ,,,,
8,*3582,透,ㄊㄡˋ,,,,
9,3583,逢,1.ㄈㄥˊ\n2.ㄆㄥˊ,1.相逢、逢\n迎、逢場作\n戲\n2.逢逢然、姓\n（如古代善\n射之人逢\n蒙）,,,
10,3584,逛,ㄍㄨㄤˋ,,,,
11,3585,逮,1.ㄉㄞˋ\n2.ㄉㄞˇ,1.力有未逮\n2.貓逮老\n鼠、逮住、\n逮捕,,,不及義音\nㄉㄞˋ，捕捉\n義音ㄉㄞˇ。
12,3586,遍,ㄅ｜ㄢˋ,,,,
0,3587,遒,ㄑ｜ㄡˊ,,,,
1,*3588,道,ㄉㄠˋ,,,,
2,3589,遂,ㄙㄨㄟˋ,,,,
3,3590,達,ㄉㄚˊ,,,,
4,3591,逼,ㄅ｜,,,,
5,3592,過,1.ㄍㄨㄛˋ\n2.ㄍㄨㄛ,1.過錯、經\n過、才智過\n人、過度\n2.姓（如清代\n有過春山）,,,
6,*3593,遁,ㄉㄨㄣˋ,,,,
7,3594,遠,1.ㄩㄢˇ\n2.ㄩㄢˋ,1.遠行、遙\n遠、遠見\n2.敬而遠\n之、「君子\n遠庖廚。」,,,文言動詞音\nㄩㄢˋ。
8,3595,遜,ㄒㄩㄣˋ,,,,
9,*3596,遣,ㄑ｜ㄢˇ,,,,
10,3597,遛,ㄌ｜ㄡˋ,,,,
11,3598,遞,ㄉ｜ˋ,遞降、傳遞,,,
12,3599,適,1.ㄕˋ\n2.ㄉ｜ˊ,1.合適、舒適\n2.適孫、「無\n適也，無莫\n也。」（論\n語‧里仁）,,通「謫」時，\n音ㄓㄜˊ。,
13,3560,遮,ㄓㄜ,,,,
14,3601,遰,ㄉ｜ˋ,,,,
15,3602,遴,ㄌ｜ㄣˊ,,,,
16,*3603,選,ㄒㄩㄢˇ,,,,
0,3604,遲,1.ㄔˊ\n2.ㄓˋ,1.遲緩、遲\n鈍、延遲、\n美人遲暮\n2.「朕思遲直\n士。」（後\n漢書‧肅宗\n孝章帝紀）,,,
1,3605,遶,ㄖㄠˋ,,,,
2,3606,遻,ㄨˋ,,,,
3,3607,遺,1.｜ˊ\n2.ㄨㄟˋ,1.遺漏、遺\n忘、遺傳\n2.遺贈,,,
4,3608,邆,ㄊㄥˊ,,,,
5,*3609,邅,ㄓㄢ,,,,
6,3610,避,ㄅ｜ˋ,,,,
7,3611,還,1.ㄏㄨㄢˊ\n2.ㄏㄞˊ,1.還原、償\n還、還債\n2.「時間還\n早。」、「還\n是老樣子。」,,通「旋」時，\n音ㄒㄩㄢˊ。,
8,3612,邋,1.ㄌㄚ\n2.ㄌ｜ㄝˋ,1.邋遢\n2.邋邋,,,今 日 多 習 讀\n為ㄌㄚ，大陸\n地區亦取\nㄌㄚ，故把\nㄌ ㄚ ˊ 改 讀\n為ㄌㄚ。
9,*3613,邕,ㄩㄥ,,,,
10,3614,邙,ㄇㄤˊ,,,,
11,*3615,邗,ㄏㄢˊ,,,,
12,*3616,邟,ㄎㄤˋ,,,,
13,3617,邡,ㄈㄤ,,,,
0,3618,那,1.ㄋㄚˋ\n2.ㄋㄚˇ\n3.ㄋㄚ,1.那個、那麼\n著、剎那\n2.「那有這種\n事？「、「這\n是那門子的\n規矩？「、\n「更那堪、\n冷落清秋\n節。」（宋‧\n柳永‧雨霖\n鈴詞）\n3.姓（如西魏\n有那椿）,,通「哪」時，\n音‧ㄋㄚ。通\n「挪」時，音\nㄋㄨㄛˊ。,ㄋㄟˋ、\nㄋㄟˇ皆為\n「那一」合\n音，刪。
1,*3619,邢,ㄒ｜ㄥˊ,,,,
2,3620,邪,1.ㄒ｜ㄝˊ\n2.｜ㄝˊ,1.改邪歸\n正、邪惡\n2.琅邪（古郡\n名。在山東\n省）、「儻\n所謂天道，\n是邪？非\n邪？」（史\n記‧伯夷傳）,,,
3,3621,邴,ㄅ｜ㄥˇ,,,,
4,*3622,邶,ㄅㄟˋ,,,,
5,3623,邰,ㄊㄞˊ,,,,
6,*3624,郇,ㄒㄩㄣˊ,,,,
7,3625,郃,ㄏㄜˊ,,,,
8,3626,郙,ㄈㄨˇ,,,,
9,3627,郝,ㄏㄠˇ,,,,
10,*3628,郗,ㄔ,,,,
11,3629,郜,ㄍㄠˋ,,,,
12,3630,郛,ㄈㄨˊ,,,,
13,*3631,部,ㄅㄨˋ,,,,
0,*3632,郪,ㄑ｜,,,,
1,3633,郫,ㄆ｜ˊ,,,,
2,3634,都,1.ㄉㄨ\n2.ㄉㄡ,1.首都、都市\n2.大都如\n此、都是、\n都好,,,
3,3635,鄆,ㄩㄣˋ,,,,
4,3636,郾,｜ㄢˇ,,,,
5,3637,郿,ㄇㄟˊ,,,,
6,3638,鄀,ㄖㄨㄛˋ,,,,
7,3639,鄅,ㄩˇ,,,,
8,3640,鄇,ㄏㄡˊ,,,,
9,3641,鄃,ㄕㄨ,,,,
10,3642,鄉,ㄒ｜ㄤ,鄉下、同鄉、\n家鄉、鄉鎮、\n鄉巴佬、鄉\n親、鄉土文學,,通「嚮」時，\n音ㄒ｜ㄤ\nˋ。通「響」\n時，音\nㄒ｜ㄤˇ。,
11,3643,郺,ㄩㄥ,,,,
12,3644,鄗,1.ㄏㄠˋ\n2.ㄑ｜ㄠ,1.鄗邑（春秋\n晉邑）\n2.鄗山（在河\n南省）,,,
13,3645,鄐,ㄔㄨˋ,,,,
14,3646,鄑,ㄐ｜ㄣˋ,,,,
15,*3647,鄣,ㄓㄤ,,,,
16,3648,鄘,ㄩㄥ,,,,
17,3649,鄜,ㄈㄨ,,,,
18,3650,鄟,ㄓㄨㄢ,,,,
19,3651,鄢,｜ㄢ,,,,
20,*3652,鄞,｜ㄣˊ,,,,
21,3653,鄙,ㄅ｜ˇ,,,,
0,3654,鄤,ㄇㄢˋ,,,,
1,3655,鄨,ㄅ｜ˋ,,,,
2,*3656,鄱,ㄆㄛˊ,,,,
3,3657,鄶,ㄎㄨㄞˋ,,,,
4,*3658,鄹,ㄗㄡ,,,,
5,3659,鄺,ㄎㄨㄤˋ,,,,
6,3660,酈,ㄌ｜ˋ,,,,
7,3661,酇,ㄗㄢˋ,,,,
8,3662,酊,1.ㄉ｜ㄥˇ\n2.ㄉ｜ㄥ,1.酩酊大醉\n2.碘酊,,,
9,*3663,酐,ㄍㄢ,,,,
10,3664,酏,｜ˊ,,,,
11,3665,酖,ㄉㄢ,酖於酒、酖酖,,通「鴆」時，\n音ㄓㄣˋ。,
12,3666,酘,ㄊㄡˊ,,,,
13,3667,酣,ㄏㄢ,,,,
14,3668,酢,1.ㄗㄨㄛˋ\n2.ㄘㄨˋ,1.酬酢\n2.「醋」的本\n字,,,
15,3669,酩,ㄇ｜ㄥˊ,,,,
16,3670,酪,ㄌㄨㄛˋ,,,,
17,3671,酵,ㄒ｜ㄠˋ,,,,
18,3672,醊,ㄔㄨㄛˋ,,,,
19,3673,醋,ㄘㄨˋ,,,,
20,*3674,醃,｜ㄢ,,,,
21,3675,醍,ㄊ｜ˊ,,,,
22,3676,醒,ㄒ｜ㄥˇ,,,,
23,*3677,醛,ㄑㄩㄢˊ,,,,
24,3678,醧,ㄩˋ,,,,
25,*3679,醫,｜,,,,
26,3680,醱,ㄆㄛˋ,,,,
0,3681,醭,ㄆㄨˊ,,,,
1,*3682,醷,｜ˋ,,,,
2,*3683,醳,｜ˋ,,,,
3,3684,釃,ㄙ,「釃酒臨\n江。」（宋‧\n蘇軾‧赤壁\n賦）,,通「醨」時，\n音ㄌ｜ˊ。,
4,3685,采,ㄘㄞˇ,,,,
5,*3686,釋,ㄕˋ,,,,
6,3687,重,1.ㄓㄨㄥˋ\n2.ㄔㄨㄥˊ,1.體重、慎重\n2.重複、重來,,,
7,3688,量,1.ㄌ｜ㄤˋ\n2.ㄌ｜ㄤˊ,1.度量衡、容\n量、重量、\n量力而為、\n較量\n2.量體重、思\n量、測量,,,名詞及大約\n估算之義，音\nㄌ｜ㄤˋ；以\n度量衡去估\n算及商酌、斟\n酌義，音\nㄌ｜ㄤˊ。
8,3689,釐,1.ㄌ｜ˊ\n2.ㄒ｜,1.公釐、釐\n清、「釐爾\n圭瓚。」（詩\n經‧大雅‧\n江漢）\n2.恭賀新釐,,,
9,3690,釘,1.ㄉ｜ㄥ\n2.ㄉ｜ㄥˋ,1.鐵釘、補釘\n2.釘書機、釘\n門牌、釘扣\n子,,,
10,3691,釕,ㄌ｜ㄠˇ,,,,
11,*3692,釬,ㄏㄢˋ,,,,
12,3693,釭,ㄍㄤ,,,,
13,3694,釱,ㄉ｜ˋ,,,,
14,3695,釦,ㄎㄡˋ,,,,
15,3696,釩,ㄈㄢˊ,,,,
0,*3697,釧,ㄔㄨㄢˋ,,,,
1,*3698,釤,ㄕㄢ,,,,
2,3699,鈃,1.ㄒ｜ㄥˊ\n2.ㄐ｜ㄢ,1.「其求鈃鐘\n也，以束\n縛。」（莊\n子‧徐鬼)\n2.「其言之成\n理，足以欺\n惑愚眾，是\n墨翟、宋鈃\n也。」（荀\n子‧非十二\n子）,,,
3,3700,鈀,1.ㄆㄚˊ\n2.ㄅㄚ\n(限讀),1.釘鈀、鈀爪,2.限於當化\n學元素時，\n音ㄅㄚ。,,
4,3701,鈚,ㄆ｜ˊ,,,,
5,3702,鈔,ㄔㄠ,,,,
6,3703,鈒,ㄙㄜˋ,「令武賁持\n鈒馬上。」\n（北史）,,,
7,*3704,釿,｜ㄣˊ,,,,
8,3705,鈆,｜ㄢˊ,滇鈆（古部族\n名）,,,
9,3706,鉈,ㄊㄚ,化學元素,,通「砣」時，\n音ㄊㄨㄛˊ。,
10,3707,鈮,ㄋ｜ˊ,,,,
11,3708,鈷,1.ㄍㄨˇ\n2.ㄍㄨ\n(限讀),1.鈷鉧（熨\n斗）、鈷鉧\n潭（在湖南\n省）,2.當化學元\n素時，音ㄍ\nㄨ。如：「鈷\n彈」、「鈷\n六十」。,,
12,3709,鉞,ㄩㄝˋ,,,,
13,3710,鉥,ㄕㄨˋ,,,,
0,3711,鈸,ㄅㄚˊ,,,,
1,*3712,鉏,ㄔㄨˊ,,,,
2,*3713,鉀,ㄐ｜ㄚˇ,,,,
3,3714,鈾,｜ㄡˋ,,,,
4,3715,鈿,ㄉ｜ㄢˋ,,,,
5,3716,鉆,ㄑ｜ㄢˊ,,,,
6,3717,鉋,ㄅㄠˋ,,,,
7,*3718,鉤,ㄍㄡ,,,,
8,3719,鉛,1.ㄑ｜ㄢ\n2.｜ㄢˊ\n(限讀),1.化學元素\n（金屬元素\n之一）、鉛\n筆、鉛球\n2.鉛山（地名\n，在江西省）,,,
9,3720,鈹,1.ㄆ｜\n2.ㄆ｜ˊ\n(限讀),1.鈹刀、鈹滑,2.當化學元\n素時，音\nㄆ｜ˊ。,,
10,3721,鉸,ㄐ｜ㄠˇ,,,,
11,3722,鉺,ㄦˇ,,,,
12,3723,銚,1.｜ㄠˊ\n2.ㄉ｜ㄠˋ\n3.ㄊ｜ㄠˊ,1.「耕者必有\n一耒、一\n耜、一銚，\n若其事立。」\n（管子‧海\n王）\n2.銚子\n3.「鋤櫌白\n梃，可以勝\n人之長銚利\n兵。」（呂\n氏春秋‧仲\n秋紀‧簡選）,,,
13,3724,鉹,｜ˊ,,,,
0,3725,銖,ㄓㄨ,,,,
1,*3726,銑,ㄒ｜ㄢˇ,,,,
2,*3727,銛,ㄒ｜ㄢ,,,,
3,*3728,鉻,ㄍㄜˋ,,,,
4,3729,鉿,ㄏㄜˊ,鉿然,,,
5,3730,銗,ㄏㄡˊ,,,,
6,*3731,銎,ㄑㄩㄥ,,,,
7,3732,銻,1.ㄊ｜ˋ\n2.ㄊ｜\n(限讀),1.鎕銻,2.當化學元\n素時，音\nㄊ｜。,,
8,3733,銳,ㄖㄨㄟˋ,,,,
9,3734,鋟,ㄑ｜ㄣˇ,,,,
10,3735,鋦,1.ㄐㄩ\n2.ㄐㄩˊ\n(限讀),1.鋦碗,2.當化學元\n素時，音\nㄐㄩˊ。,,
11,3736,鋪,1.ㄆㄨ\n2.ㄆㄨˋ,1.鋪蓋、鋪\n床、鋪張、\n鋪陳\n2.店鋪、床\n鋪、十里\n鋪、當鋪,,,
12,3737,鋙,ㄨˊ,,,,
13,3738,鋗,ㄒㄩㄢ,,,,
14,*3739,鋘,ㄨˊ,,,,
15,3740,鋁,ㄌㄩˇ,,,,
16,3741,鋌,ㄊ｜ㄥˇ,,,,
17,3742,鋈,ㄨˋ,,,,
18,3743,,ㄆㄡˊ,,,,
0,3744,錞,1.ㄔㄨㄣˊ\n2.ㄉㄨㄟˋ,1.「以金錞和\n鼓。」（周\n禮‧地官‧\n鼓人）\n2.「厹矛鋈\n錞。」（詩\n經‧秦風‧\n小戎）,,,
1,3745,錈,ㄐㄩㄢˋ,,,,
2,3746,錟,1.ㄊㄢˊ\n2.ㄒ｜ㄢ,1.「錟，長矛\n也。」（說\n文）\n2.錟戈,,,
3,3747,鋸,ㄐㄩˋ,鋸子、鋸斷,,通「鋦」時，\n音ㄐㄩ。,
4,*3748,錏,｜ㄚˋ,,,,
5,3749,錯,ㄘㄨㄛˋ,,,,
6,3750,錢,1.ㄑ｜ㄢˊ\n2.ㄐ｜ㄢˇ,1.錢幣、金\n錢、錢包、\n姓（如清代\n有錢大昕）\n2.「命我眾\n人，庤乃錢\n鎛。」（詩\n經‧周頌‧\n臣工）,,,
7,*3751,錡,ㄑ｜ˊ,,,,
8,3752,鋼,1.ㄍㄤ\n2.ㄍㄤˋ,1.不銹鋼、鋼\n筆、鋼鐵廠\n2.「這把刀鈍\n了，要鋼一\n鋼。」,,,
9,3753,錁,ㄎㄜˋ,,,,
10,*3754,錫,ㄒ｜ˊ,,,,
0,*3755,錭,ㄊㄠˊ,,,,
1,*3756,錄,ㄌㄨˋ,,,,
2,3757,鋋,｜ㄢˊ,,,,
3,*3758,錘,ㄔㄨㄟˊ,,,,
4,*3759,鍖,ㄔㄣˇ,,,,
5,*3760,鍼,ㄓㄣ,,,,
6,3761,鍉,ㄉ｜,,,,
7,3762,鍥,ㄑ｜ㄝˋ,,,,
8,3763,鎊,ㄅㄤˋ,,,,
9,3764,鎬,1.ㄏㄠˋ\n2.ㄍㄠˇ,1.鎬京、鎬鎬\n2.十字鎬,,,
10,3765,鎘,ㄍㄜˊ,,,,
11,*3766,鎒,ㄋㄡˋ,,,,
12,3767,鎧,ㄎㄞˇ,,,,
13,*3768,鎚,ㄔㄨㄟˊ,,,,
14,3769,鎢,ㄨ,,,,
15,3770,鎞,1.ㄆ｜ˋ\n2.ㄅ｜ˋ,1.金鎞\n2.「耳聾須畫\n字，髮短不\n勝鎞。」\n（唐‧杜\n甫‧水宿遣\n興奉呈群公\n詩）,,,
16,*3771,鎮,ㄓㄣˋ,,,,
17,3772,鎗,1.ㄑ｜ㄤ\n2.ㄔㄥ,1.手鎗\n2.「有竊其鐘\n負而走者，\n鎗然有聲。」\n（淮南子‧\n說山）,,,
18,3773,鏞,ㄩㄥ,,,,
19,*3774,鏇,ㄒㄩㄢˋ,,,,
0,3775,鏃,ㄗㄨˊ,,,,
1,3776,鏏,ㄏㄨㄟˋ,,,,
2,3777,鏹,1.ㄑ｜ㄤˇ\n2.ㄑ｜ㄤ,1.「藏鏹巨\n萬。」（文\n選‧左思‧\n蜀都賦）\n2.鏹水（硫酸\n的俗稱）,,,
3,*3778,鏈,ㄌ｜ㄢˋ,,,,
4,*3779,鏂,ㄡ,,,,
5,*3780,鏐,ㄌ｜ㄡˊ,,,,
6,*3781,鏜,ㄊㄤ,,,,
7,3782,鏤,ㄌㄡˋ,雕鏤、「鏤膚\n膚而鑽髮。」\n（文選‧左\n思‧魏都\n賦）、「冰池\n紋似鏤。」\n（宋‧林希\n逸‧十一月二\n十五日曉賦\n詩）,,,
8,3783,鏙,ㄘㄨㄟ,,,,
9,3784,鎩,ㄕㄚ,,,,
10,3785,鏊,ㄠˊ,,,,
11,3786,鏨,ㄗㄢˋ,,,,
12,3787,鐋,ㄊㄤ,,,,
13,3788,鐓,ㄉㄨㄣ,鐓雞（雄雞去\n勢）、鐵鐓,,通「錞」時，\n音ㄉㄨㄟˋ。,
14,3789,鐙,ㄉㄥˋ,馬鐙、鐙骨,,通「燈」時，\n音ㄉㄥ。,
15,3790,鐔,ㄊㄢˊ,,,,
0,3791,鏾,ㄒ｜ㄢˋ,「雄雞去勢\n謂之鏾。」\n（明‧張自\n烈‧正字通‧\n金部）,,,
1,3792,鐐,ㄌ｜ㄠˊ,,,,
2,3793,,ㄐ｜ㄢˋ,,,,
3,3794,鐎,ㄐ｜ㄠ,,,,
4,*3795,鐖,ㄐ｜,,,,
5,3796,鐺,1.ㄉㄤ\n2.ㄔㄥ,1.鎯鐺、鈴鐺\n2.茶鐺、酒鐺,,,
6,*3797,鐻,ㄐㄩˋ,,,,
7,3798,,ㄍㄚˊ,,,,
8,*3799,鐲,ㄓㄨㄛˊ,,,,
9,3800,鐫,ㄐㄩㄢ,,,,
10,3801,鑐,1.ㄒㄩ\n2.ㄖㄨˊ\n(限讀),1.「鑐，鎖牡\n也。」（集\n韻）,2.當化學元\n素（一種新\n的人造放射\n性元素的暫\n譯）時，音\nㄖㄨˊ。,,
11,3802,鑋,ㄑ｜ㄥ,,,,
12,*3803,鑲,ㄒ｜ㄤ,,,,
13,*3804,鑭,ㄌㄢˊ,,,,
14,3805,鑰,｜ㄠˋ,,,,
15,3806,,ㄘㄨㄢˋ,,,,
16,3807,鑴,ㄒ｜,,,,
17,3808,鑽,1.ㄗㄨㄢ\n2.ㄗㄨㄢˋ,1.鑽研、鑽\n洞、鑽木取\n火\n2.鑽子、鑽戒,,,
18,3809,鑿,ㄗㄠˊ,,,,
0,3810,長,1.ㄔㄤˊ\n2.ㄓㄤˇ,1.專長、長\n短、長久、\n冗長、長生\n果\n2.尊長、首\n長、生長,,,
1,3811,閃,ㄕㄢˇ,,,,
2,3812,閍,ㄈㄤ,,,,
3,3813,間,1.ㄐ｜ㄢ\n2.ㄐ｜ㄢˋ,1.隔間、房\n間、時間\n2.間、間\n諜、離間、\n間或,,,
4,3814,閒,ㄒ｜ㄢˊ,安閒自在、等\n閒、閒逛、閒\n情記趣,,通「間」時，\n音ㄐ｜ㄢ或\nㄐ｜ㄢˋ。,
5,*3815,閜,ㄒ｜ㄚˇ,,,,
6,3816,閘,ㄓㄚˊ,,,,
7,3817,閡,ㄏㄜˊ,,,,
8,3818,閩,ㄇ｜ㄣˇ,,,,
9,3819,閣,ㄍㄜˊ,樓閣、閣下、\n內閣、出閣,,通「擱」時，\n音ㄍㄜ。,
10,3820,閤,1.ㄍㄜˊ\n2.ㄏㄜˊ,1.「開東閤。」\n（漢書‧公\n孫弘傳）\n2.閤第光臨,,,
11,3821,閬,ㄌㄤˇ,,,,
12,3822,閫,ㄎㄨㄣˇ,,,,
13,3823,閼,1.ㄜˋ\n2.｜ㄢ\n(限讀),1.閼塞、「起\n水門提閼。」\n（漢書‧召\n信臣傳）,2.限於「閼\n氏」一詞音\n｜ㄢ。,,
14,3824,閾,ㄩˋ,,,,
15,3825,閹,｜ㄢ,,,,
0,*3826,閶,ㄔㄤ,,,,
1,*3827,閻,｜ㄢˊ,,,,
2,3828,闇,1.ㄢˋ\n2.ㄢ\n(限讀),1.「愚闇墮賢\n良。」（荀\n子‧成相）、\n「陰闇連\n日。」（後\n漢書‧郎顗\n傳）,2.限於「諒\n闇」一詞音\nㄢ。,,
3,*3829,闋,ㄑㄩㄝˋ,,,,
4,3830,闉,｜ㄣ,,,,
5,3831,闍,ㄕㄜˊ,,,,
6,3832,闅,ㄨㄣˊ,,,,
7,*3833,闆,ㄅㄢˇ,,,,
8,3834,闕,1.ㄑㄩㄝˋ\n2.ㄑㄩㄝ,1.宮闕、姓\n（如漢代有\n闕翊）\n2.闕失、闕\n文、付之闕\n如,,,
9,3835,闖,ㄔㄨㄤˇ,,,,
10,3836,闓,ㄎㄞˇ,,,,
11,3837,闛,ㄊㄤˊ,,,,
12,*3838,關,ㄍㄨㄢ,,,,
13,3839,闞,ㄎㄢˋ,,,,
14,3840,闡,ㄔㄢˇ,,,,
15,3841,闠,ㄏㄨㄟˋ,,,,
16,3842,闟,1.ㄒ｜ˋ\n2.ㄊㄚˋ,1.「闟然止。」\n（管子‧小\n問）\n2.闟茸、闟\n敦、土闟,,,
0,3843,阤,1.ㄓˋ\n2.｜ˇ,1.「阤，音\nㄓˋ，落\n也。」（說\n文）\n2.阤靡,,通「陀」時，\n音ㄊㄨㄛˊ。,
1,3844,阡,ㄑ｜ㄢ,,,,
2,3845,阬,ㄎㄥ,,,,
3,3846,阮,ㄖㄨㄢˇ,,,,
4,3847,阱,ㄐ｜ㄥˇ,,,,
5,3848,阨,ㄜˋ,,,,
6,3849,陀,ㄊㄨㄛˊ,陂陀、陀螺,,,
7,3850,阿,1.ㄜ\n2.ㄚ,1.山阿、阿\n諛、阿房\n宮、姓（如\n明代有阿其\n麟）\n2.阿拉伯、阿\n伯、阿斗,,,
8,3851,阽,ㄉ｜ㄢˋ,,,,
9,3852,陂,1.ㄆ｜ˊ\n2.ㄆㄛ,1.陂池、黃陂\n縣（位湖北\n省漢口市以\n北）、「彼\n澤之陂，有\n蒲與荷。」\n（詩經‧陳\n風‧澤陂）\n2.陂陀、山陂,,,
10,*3853,附,ㄈㄨˋ,,,,
11,*3854,陏,ㄉㄨㄛˋ,,,,
12,3855,陊,ㄉㄨㄛˋ,,,,
0,3856,降,1.ㄐ｜ㄤˋ\n2.ㄒ｜ㄤˊ,1.降落傘、霜\n降、降雨\n2.降龍伏\n虎、投降、\n降服,,,
1,3857,院,ㄩㄢˋ,,,,
2,*3858,陘,ㄒ｜ㄥˊ,,,,
3,*3859,陟,ㄓˋ,,,,
4,*3860,除,ㄔㄨˊ,,,,
5,3861,陳,ㄔㄣˊ,陳設、陳述、\n陳舊、陳列、\n姓（如唐代有\n陳子昂）,,通「陣」時，\n音ㄓㄣˋ。,
6,3862,陸,1.ㄌㄨˋ\n2.ㄌ｜ㄡˋ,1.陸地、陸\n軍、陸續、\n光怪陸離、\n登陸、姓（如\n唐代有陸\n羽）\n2.「六」的大\n寫,,,
7,*3863,陭,ㄑ｜ˊ,,,,
8,3864,陶,1.ㄊㄠˊ\n2.｜ㄠˊ,1.彩陶、陶\n冶、陶醉、\n姓（如晉代\n有陶淵明）\n2.皋陶（古人\n名。虞舜之\n臣）、鬱陶,,,
9,3865,陷,ㄒ｜ㄢˋ,,,,
0,3866,陰,｜ㄣ,陰涼、陰天、\n山陰、陰離子\n（帶有負電\n荷的離子）、\n陰文圖章、陰\n性、陰府、姓\n（如東漢光\n武帝后陰麗\n華）,,通「蔭」時，\n音｜ㄣˋ。通\n「諒闇」之\n「闇」時，音\nㄢ。,
1,3867,隊,ㄉㄨㄟˋ,部隊、探險\n隊、成群結隊,,通「墜」時，\n音ㄓㄨㄟˋ。,
2,*3868,隋,ㄙㄨㄟˊ,,,,
3,3869,陾,ㄖㄥˊ,,,,
4,3870,隄,ㄊ｜ˊ,,,,
5,3871,隈,ㄨㄟ,,,,
6,3872,隃,ㄩˊ,,,,
7,3873,隘,ㄞˋ,,,,
8,3874,隔,ㄍㄜˊ,,,,
9,3875,隕,ㄩㄣˇ,,,,
10,3876,隑,ㄑ｜ˊ,,,,
11,3877,隗,ㄨㄟˇ,,,,
12,*3878,障,ㄓㄤˋ,,,,
13,*3879,隧,ㄙㄨㄟˋ,,,,
14,3880,隩,ㄩˋ,「厥民隩，鳥\n獸氄毛。」\n（書經‧堯\n典）,,通「奧」、「墺」\n時，音\nㄠˋ。,
15,*3881,險,ㄒ｜ㄢˇ,,,,
16,3882,隱,｜ㄣˇ,,,,
17,*3883,隸,ㄌ｜ˋ,,,,
18,*3884,隹,ㄓㄨㄟ,,,,
19,3885,隼,ㄓㄨㄣˇ,,,,
20,3886,雀,ㄑㄩㄝˋ,,,,
0,*3887,雇,ㄍㄨˋ,,,,
1,3888,雅,1.｜ㄚˇ\n2.｜ㄚ,1.素雅、文\n雅、雅言、\n雅量、雅舍\n2.「鴉」的本\n字,,,
2,3889,雂,ㄑ｜ㄣˊ,,,,
3,3890,雍,ㄩㄥ,,,,
4,3891,雎,ㄐㄩ,,,,
5,*3892,雉,ㄓˋ,,,,
6,*3893,雊,ㄍㄡˋ,,,,
7,3894,雋,ㄐㄩㄢˋ,雋永,,通「俊」時，\n音ㄐㄩㄣˋ。,
8,3895,雌,ㄘ,,,,
9,3896,雖,ㄙㄨㄟ,,,,
10,3897,雚,ㄍㄨㄢˋ,,,,
11,*3898,雛,ㄔㄨˊ,,,,
12,*3899,雝,ㄩㄥ,,,,
13,3900,雙,ㄕㄨㄤ,,,,
14,3901,雘,ㄏㄨㄛˋ,,,,
15,3902,巂,ㄒ｜,,,,
16,*3903,離,ㄌ｜ˊ,,,,
17,3904,難,1.ㄋㄢˊ\n2.ㄋㄢˋ\n3.ㄋㄨㄛˊ,1.難堪、進退\n兩難、難\n題、為難\n2.災難、問難\n3.「其葉有\n難。」（詩\n經‧小雅‧\n隰桑）,,,
18,3905,雨,1.ㄩˇ\n2.ㄩˋ,1.下雨、冬雨\n2.春雨雨人,,,文言動詞音\nㄩˋ。
19,3906,雪,ㄒㄩㄝˇ,,,,
0,3907,雩,ㄩˊ,,,,
1,3908,雱,ㄆㄤˊ,,,,
2,*3909,雷,ㄌㄟˊ,,,,
3,3910,雹,ㄅㄠˊ,,,,
4,3911,零,ㄌ｜ㄥˊ,,,,
5,3912,需,ㄒㄩ,,,,
6,3913,霅,ㄓㄚˊ,,,,
7,*3914,震,ㄓㄣˋ,,,,
8,3915,霢,ㄇㄛˋ,,,,
9,3916,霹,ㄆ｜,,,,
10,3917,霸,1.ㄅㄚˋ\n2.ㄆㄛˋ,1.霸占、霸\n王、春秋五\n霸\n2.哉生霸、哉\n死霸,,,
11,3918,露,1.ㄌㄨˋ\n2.ㄌㄡˋ,1.玫瑰露、暴\n露、顯露\n2.露出馬\n腳、露了口\n風、衣角外\n露,,,
12,3919,霿,ㄇㄥˊ,,,,
13,3920,靄,ㄞˇ,,,,
14,3921,靃,ㄏㄨㄛˋ,,,,
15,*3922,靉,ㄞˋ,,,,
16,3923,青,ㄑ｜ㄥ,青草、踏青、\n青春、草木青\n青,,通「菁」時，\n音ㄐ｜ㄥ。,
17,3924,非,ㄈㄟ,,,,
18,3925,靡,ㄇ｜ˇ,所向披靡、靡\n麗、靡靡之音,,通「糜」時，\n音ㄇ｜ˊ。,
19,3926,靦,1.ㄇ｜ㄢˇ\n2.ㄊ｜ㄢˇ,1.靦\n2.靦臉、靦顏,,,
0,3927,靨,｜ㄝˋ,,,,
1,3928,革,ㄍㄜˊ,皮革、革除、\n革命、姓（如\n漢代有革鑒）,,通「急」時，\n音ㄐ｜ˊ。,
2,3929,靪,ㄉ｜ㄥ,,,,
3,3930,靷,｜ㄣˇ,,,,
4,3931,靶,1.ㄅㄚˇ\n2.ㄅㄚˋ,1.打靶、箭靶\n2.執靶、刀子\n靶,,,
5,3932,靸,ㄙㄚˇ,,,,
6,*3933,靲,ㄑ｜ㄣˊ,,,,
7,*3934,靾,｜ˋ,,,,
8,3935,鞅,｜ㄤ,,,,
9,3936,鞄,ㄅㄠ,,,,
10,3937,鞈,1.ㄐ｜ㄚˊ\n2.ㄊㄚˋ,1.「輕罪入蘭\n盾鞈革二\n戟。」（管\n子‧小匡）\n2.「善用兵若\n聲之與響，\n若鏜之與\n鞈。」（淮\n南子‧兵略）,,,
11,*3938,鞘,ㄑ｜ㄠˋ,,,,
12,3939,鞙,ㄐㄩㄢ,,,,
13,3940,鞔,ㄇㄢˊ,,,,
14,3941,鞠,ㄐㄩˊ,,,,
15,3942,鞞,1.ㄅ｜ㄥˇ\n2.ㄅㄟ,1.鞞琫（刀\n鞘）\n2.牛鞞縣（古\n地名。漢時\n隸屬犍為\n郡）,,通「鼙」時，\n音ㄆ｜ˊ。,
0,3943,鞣,ㄖㄡˊ,,,,
1,*3944,鞬,ㄐ｜ㄢ,,,,
2,3945,鞮,ㄉ｜,,,,
3,*3946,鞨,ㄏㄜˊ,,,,
4,3947,鞪,1.ㄇㄨˋ\n2.ㄇㄡˊ,1.「鞪，車軸\n束也。」（說\n文）\n2.被甲鞮鞪,,,
5,3948,韃,ㄉㄚˊ,,,,
6,3949,韁,ㄐ｜ㄤ,,,,
7,3950,韄,ㄏㄨㄛˋ,,,,
8,3951,韎,ㄇㄟˋ,,,,
9,3952,韐,ㄍㄜˊ,,,,
10,3953,韗,ㄩㄣˋ,,,,
11,3954,韝,ㄍㄡ,,,,
12,*3955,韞,ㄩㄣˋ,,,,
13,3956,韜,ㄊㄠ,,,,
14,3957,韣,ㄉㄨˊ,,,,
15,3958,韱,ㄒ｜ㄢ,,,,
16,3959,音,｜ㄣ,,,,
17,*3960,竟,ㄐ｜ㄥˋ,,,,
18,3961,韹,ㄏㄨㄤˊ,,,,
19,*3962,韽,ㄢ,,,,
20,3963,頁,｜ㄝˋ,,,,
21,3964,頄,ㄎㄨㄟˊ,,,,
22,3965,頃,ㄑ｜ㄥˇ,公頃、頃刻,,通「傾」時，\n音ㄑ｜ㄥ。,
23,3966,頏,ㄏㄤˊ,,,,
24,3967,頊,ㄒㄩˋ,,,,
25,3968,頍,ㄎㄨㄟˇ,,,,
0,3969,頓,1.ㄉㄨㄣˋ\n2.ㄉㄨˊ\n(限讀),1.一頓飯、整\n頓、頓首、\n頓悟,2.「冒頓」\n（人名。漢\n初匈奴的單\n于）一詞音\nㄇㄛˋ\nㄉㄨˊ。,,
1,*3970,頎,ㄑ｜ˊ,,,,
2,3971,頒,ㄅㄢ,頒布、頒獎、\n頒發,,,
3,3972,頌,ㄙㄨㄥˋ,頌詞、歌頌,,通「容」時，\n音ㄖㄨㄥˊ。,
4,3973,頗,ㄆㄛˇ,,,,
5,*3974,頞,ㄜˋ,,,,
6,3975,頦,1.ㄏㄞˊ讀\n2.ㄎㄜ語,1.下頦\n2.下巴頦\n兒、盜頡資\n糧,,,
7,3976,頡,1.ㄒ｜ㄝˊ\n2.ㄐ｜ㄝˊ,1.頡頏\n2.倉頡（相傳\n為古代始造\n文字的人）,,,
8,*3977,頨,ㄩˇ,,,,
9,3978,頜,ㄍㄜˊ,,,,
10,3979,頫,ㄈㄨˇ,,,,
11,3980,頵,ㄐㄩㄣ,,,,
12,3981,頭,ㄊㄡˊ,,,,
13,3982,頸,1.ㄐ｜ㄥˇ\n2.ㄍㄥˇ\n(限讀),1.頸項、瓶頸,2.限於「脖頸\n子」一詞音\nㄍㄥˇ。,,
14,3983,頷,ㄏㄢˋ,,,,
15,3984,頯,ㄎㄨㄟˊ,,,,
16,3985,顄,ㄏㄢˋ,,,,
17,3986,顆,ㄎㄜ,,,,
0,*3987,顉,ㄑ｜ㄣ,,,,
1,3988,顐,ㄏㄨㄣˊ,,,,
2,3989,額,ㄜˊ,,,,
3,*3990,題,ㄊ｜ˊ,,,,
4,3991,顜,ㄐ｜ㄤˇ,,,,
5,*3992,顝,ㄎㄨ,,,,
6,*3993,顛,ㄉ｜ㄢ,,,,
7,3994,顠,ㄆ｜ㄠˇ,,,,
8,3995,顢,ㄇㄢˊ,,,,
9,3996,顫,ㄓㄢˋ,,,,
10,3997,顩,ㄑ｜ㄢ,,,,
11,3998,風,1.ㄈㄥ\n2.ㄈㄥˋ,1.微風、聞風\n而來、風度\n2.春風風人,,,文言動詞音\nㄈㄥˋ。
12,3999,颮,ㄆㄠˊ,風颮電激,,通「飆」時，\n音ㄅ｜ㄠ。,
13,*4000,颯,ㄙㄚˋ,,,,
14,4001,颺,｜ㄤˊ,,,,
15,4002,颸,ㄙ,,,,
16,4003,颾,ㄙㄠ,,,,
17,*4004,颻,｜ㄠˊ,,,,
18,4005,颿,ㄈㄢˊ,,,,
19,4006,飂,ㄌ｜ㄠˊ,,,,
20,4007,食,1.ㄕˊ\n2.ㄙˋ\n3.｜ˋ\n(限讀),1.食物、伙食\n2.一簞食,3.限於「酈食\n其」（漢代\n人）一詞音\nㄌ｜ˋ\n｜ˋ\nㄐ｜。,,
0,4008,,1.ㄙㄨㄣ\n2.ㄘㄢ,1.「吾以一杯\n羊羹亡國，\n以一壺得\n士二人。」\n（戰國策）\n2.「餐」的異\n體字。,,,
1,4009,飪,ㄖㄣˋ,,,,
2,4010,飲,1.｜ㄣˇ\n2.｜ㄣˋ,1.飲食、暢\n飲、飲恨\n2.飲馬、「酌\n而飲寡人。」\n（禮記‧檀\n弓下）,,,使役動詞\n音｜ㄣˋ。
3,4011,飩,ㄉㄨㄣˋ,,,,
4,*4012,飯,ㄈㄢˋ,早飯、炒飯,,,
5,4013,飶,ㄅ｜ˋ,,,,
6,*4014,飴,｜ˊ,,,,
7,*4015,餃,ㄐ｜ㄠˇ,,,,
8,4016,餌,ㄦˇ,,,,
9,*4017,餂,ㄊ｜ㄢˇ,,,,
10,*4018,餉,ㄒ｜ㄤˇ,,,,
11,4019,養,1.｜ㄤˇ\n2.｜ㄤˋ,1.養育、撫養\n小孩、養\n蘭、養雞鴨\n2.奉養、供養\n父母,,,
12,4020,餔,ㄅㄨ,,,,
13,4021,館,ㄍㄨㄢˇ,,,,
14,4022,餤,ㄉㄢˋ,,,,
15,4023,餟,ㄓㄨㄟˋ,,,,
16,4024,餚,｜ㄠˊ,,,,
0,4025,餧,ㄨㄟˋ,餧毒,,通「餒」時，\n音ㄋㄟˇ。,
1,*4026,餫,ㄩㄣˋ,,,,
2,4027,餳,ㄒ｜ㄥˊ,,,,
3,4028,餲,ㄞˋ,,,,
4,4029,餾,ㄌ｜ㄡˋ,,,,
5,4030,饉,ㄐ｜ㄣˇ,,,,
6,*4031,饌,ㄓㄨㄢˋ,,,,
7,*4032,饐,｜ˋ,,,,
8,4033,饒,ㄖㄠˊ,,,,
9,4034,饎,ㄒ｜,,,,
10,4035,饋,ㄎㄨㄟˋ,,,,
11,*4036,首,ㄕㄡˇ,,,,
12,4037,馗,ㄎㄨㄟˊ,,,,
13,4038,馘,1.ㄍㄨㄛˊ\n2.ㄒㄩˋ,1.「獻俘授\n馘。」（左\n傳‧僖公二\n十八年）、\n「馘百人。」\n（左傳‧宣\n公二年）\n2.「槁項黃\n馘。」（莊\n子‧列禦寇）,,,
14,4039,馝,ㄅ｜ˋ,,,,
15,4040,馣,｜ㄢˇ,,,,
16,4041,馥,ㄈㄨˋ,,,,
17,4042,馨,ㄒ｜ㄣ,,,,
18,4043,馮,1.ㄈㄥˊ\n2.ㄆ｜ㄥˊ,1.姓（如東漢\n有馮衍）\n2.暴虎馮河,,,
0,4044,馯,1.ㄏㄢˋ\n2.ㄑ｜ㄢ\n(限讀),1.「是猶無鏑\n銜橛策錣而\n御馯馬也。」\n（淮南子‧\n氾論）,2.限於「馯\n臂」（複姓）\n一詞音\nㄑ｜ㄢ。,,
1,4045,馱,1.ㄊㄨㄛˊ\n2.ㄉㄨㄛˋ,1.馱運\n2.馱子,,,
2,4046,馲,ㄓㄜˊ,,,,
3,4047,馴,ㄒㄩㄣˊ,馴良,,通「訓」時，\n音ㄒㄩㄣˋ。,
4,4048,駃,ㄐㄩㄝˊ,,,,
5,4049,馹,ㄖˋ,,,,
6,4050,駔,1.ㄗㄤˇ\n2.ㄗㄨˋ,1.駔子（流\n氓）、「巨\n駔洪商。」\n（唐‧王\n勃‧上劉右\n相書）\n2.「同駑與\n乘駔兮。」\n（楚辭‧劉\n向‧九歎‧\n憂苦）,,,
7,4051,駘,1.ㄊㄞˊ\n2.ㄉㄞˋ,1.駑駘、駘背\n2.駘蕩,,,
8,4052,駭,ㄏㄞˋ,,,,
9,4053,駣,ㄊㄠˊ,,,,
10,4054,駩,ㄑㄩㄢˊ,,,,
11,*4055,駺,ㄌㄤˊ,,,,
12,4056,駴,1.ㄒ｜ㄝˋ\n2.ㄏㄞˋ,1.「駴雷鼓。」\n（文選‧張\n衡‧西京賦）\n2.「駭」之異\n體,,,
0,*4057,騃,ㄞˊ,,,,
1,4058,騎,ㄑ｜ˊ,,,,
2,*4059,騤,ㄎㄨㄟˊ,,,,
3,4060,騝,ㄐ｜ㄢ,,,,
4,*4061,騷,ㄙㄠ,,,,
5,4062,騬,ㄔㄥˊ,,,,
6,*4063,騶,ㄗㄡ,,,,
7,*4064,騩,ㄍㄨㄟ,,,,
8,4065,騫,ㄑ｜ㄢ,「如南山之\n壽，不騫不\n崩。」（詩\n經‧小雅‧天\n保）、「非有\n斬將騫旗之\n實也。」（漢\n書‧楊僕傳）,,通「蹇」時，\n音ㄐ｜ㄢˇ。,
9,4066,騰,ㄊㄥˊ,,,,
10,4067,驅,ㄑㄩ,,,,
11,*4068,騹,ㄑ｜ˊ,,,,
12,4069,騽,ㄒ｜ˊ,,,,
13,4070,,ㄠˊ,,,,
14,4071,驔,ㄉ｜ㄢˋ,,,,
15,4072,驒,1.ㄊㄨㄛˊ\n2.ㄊㄢ,1.「有驒有\n駱。」（詩\n經‧魯頌‧\n駉）\n2.驒驒（馬喘\n息貌）,,,
16,*4073,驕,ㄐ｜ㄠ,,,,
17,4074,驏,ㄓㄢˋ,,,,
18,4075,驦,ㄕㄨㄤ,,,,
0,4076,骨,1.ㄍㄨˇ\n2.ㄍㄨˊ\n(限讀)\n3.ㄍㄨ\n(限讀),1.骨骼、傘\n骨、骨肉,2.限於「骨\n頭」一詞音\nㄍㄨˊ\n‧ㄊㄡ。\n3.限於「骨朵\n兒」、「骨\n碌」一詞音\nㄍㄨ\n‧ㄌㄨ。,,
1,4077,骯,1.ㄤ\n2.ㄎㄤˇ,1.骯髒（汙穢\n不潔）\n2.骯髒（剛直\n倔強貌）,,,
2,4078,骰,ㄊㄡˊ,,,,「骰子」一名\n「色子」。「色\n子」之「色」\n音ㄕㄞˇ。
3,4079,髁,ㄎㄜ,,,,
4,4080,髀,ㄅ｜ˋ,,,,
5,4081,,ㄆㄤˇ,,,,
6,4082,髊,ㄗˋ,,,,
7,4083,髒,ㄗㄤ,,,,
8,4084,髟,1.ㄅ｜ㄠ\n2.ㄕㄢ,1.「髟，長髮\n猋猋也。」\n（說文）\n2.「髟，屋翼\n也。」（廣\n韻）,,,
9,4085,髦,ㄇㄠˊ,,,,
0,4086,髳,1.ㄇㄠˊ\n2.ㄇㄥˊ,1.「髳，髮至\n眉也。」（說\n文）\n2.「髳，茀離\n也。」（爾\n雅‧釋詁）,,,
1,4087,髻,ㄐ｜ˋ,,,,
2,4088,髺,ㄎㄨㄛˋ,,,,
3,4089,鬈,ㄑㄩㄢˊ,,,,
4,4090,鬄,ㄊ｜ˋ,,,,
5,*4091,鬋,ㄐ｜ㄢ,,,,
6,4092,鬊,ㄕㄨㄣˋ,,,,
7,4093,鬌,ㄉㄨㄛˇ,,,,
8,4094,鬒,ㄓㄣˇ,,,,
9,4095,鬠,ㄎㄨㄛˋ,,,,
10,4096,鬤,ㄖㄤˊ,,,,
11,4097,,ㄗㄨㄢˇ,,,,
12,4098,鬫,ㄏㄢˇ,,,,
13,4099,鬲,1.ㄍㄜˊ\n2.ㄌ｜ˋ,1.有鬲（古國\n名。在山東\n省境）、膠\n鬲（殷末賢\n人）、「苴\n絰大鬲。」\n（儀禮‧士\n喪禮）\n2.「陶人出重\n鬲。」（禮\n記‧喪大記）,,,
14,4100,鬵,ㄒ｜ㄣˊ,,,,
15,*4101,鬻,ㄩˋ,,,,
16,*4102,魁,ㄎㄨㄟˊ,,,,
17,4103,鬾,ㄑ｜ˊ,,,,
0,4104,魄,1.ㄆㄛˋ\n2.ㄊㄨㄛˋ,1.魂魄、體\n魄、虎魄、\n失魂落魄\n2.落魄,,,
1,*4105,魋,ㄊㄨㄟˊ,,,,
2,4106,魏,ㄨㄟˋ,魏國、姓（如\n明代有魏忠\n賢）,,通「巍」時，\n音ㄨㄟˊ。,
3,4107,,ㄒㄩ,,,,
4,*4108,魡,ㄉ｜ˊ,,,,
5,4109,魧,ㄏㄤˊ,,,,
6,4110,,ㄩㄢˊ,,,,
7,*4111,魼,ㄑㄩ,,,,
8,*4112,鮓,ㄓㄚˇ,,,,
9,4113,鮮,1.ㄒ｜ㄢ\n2.ㄒ｜ㄢˇ,1.新鮮、海鮮\n2.鮮有、鮮\n少、朝鮮,,,
10,*4114,,｜ˊ,,,,
11,4115,鮭,1.ㄍㄨㄟ\n2.ㄒ｜ㄝˊ\n(限讀),1.鮭魚,2.限於「鮭\n菜」一詞音\nㄒ｜ㄝˊ。,,
12,*4116,鮨,ㄑ｜ˊ,,,,
13,4117,鯆,ㄆㄨ,,,,
14,4118,鮸,ㄇ｜ㄢˇ,,,,
15,4119,鯈,ㄔㄡˊ,,,,
16,*4120,鯽,ㄐ｜ˋ,,,,
17,4121,鯨,ㄐ｜ㄥ,,,,
18,4122,鯖,ㄑ｜ㄥ,,,,
19,*4123,鯫,ㄗㄡ,,,,
20,4124,鯦,ㄐ｜ㄡˋ,,,,
21,4125,,ㄒ｜ㄚ,,,,
22,4126,鰈,ㄉ｜ㄝˊ,,,,
0,4127,鯷,ㄊ｜ˊ,,,,
1,4128,鰅,ㄩˊ,,,,
2,4129,鰓,1.ㄙㄞ\n2.ㄒ｜ˇ,1.魚鰓\n2.鰓鰓,,,
3,4130,鰒,ㄈㄨˋ,,,,
4,4131,鰍,ㄑ｜ㄡ,,,,
5,4132,鰜,ㄐ｜ㄢ,,,,
6,4133,鰨,ㄊㄚˋ,,,,
7,4134,鰥,ㄍㄨㄢ,,,,
8,*4135,鰿,ㄐ｜ˊ,,,,
9,4136,鱄,ㄓㄨㄢ,,,,
10,4137,鰻,ㄇㄢˊ,,,,
11,*4138,鱔,ㄕㄢˋ,,,,
12,4139,鱒,ㄗㄨㄣ,,,,
13,4140,鱊,ㄩˋ,,,,
14,4141,鱍,ㄅㄛ,,,,
15,4142,鱖,ㄍㄨㄟˋ,,,,
16,4143,鱣,1.ㄓㄢ\n2.ㄕㄢˋ,1.鱣魚\n2.鱣序、鱣庭,,通「鱔」時，\n音ㄕㄢˋ。,
17,*4144,鱦,ㄕㄥˊ,,,,
18,4145,鱟,ㄏㄡˋ,,,,
19,4146,鱳,ㄌㄨㄛˋ,,,,
20,*4147,鱺,ㄌ｜ˊ,,,,
21,4148,鳥,1.ㄋ｜ㄠˇ\n2.ㄉ｜ㄠˇ,1.小鳥、鳥瞰\n2.鳥兒郎當,,,
22,4149,鳭,ㄉ｜ㄠ,,,,
23,4150,鳱,ㄍㄢ,,,,
24,4151,鴃,ㄐㄩㄝˊ,,,,
25,*4152,鳺,ㄈㄨ,,,,
26,4153,鴉,｜ㄚ,,,,
0,4154,鳻,1.ㄈㄣ\n2.ㄅㄢ\n(限讀),1.鳻鶞,2.限於「鳻\n鳩」一詞音\nㄅㄢ。,,
1,4155,鴥,ㄩˋ,,,,
2,4156,鴠,ㄉㄢˋ,,,,
3,4157,鴩,｜ˋ,,,,
4,4158,鴝,1.ㄑㄩˊ\n2.ㄍㄡ,1.鴝鵒、鴝掇\n2.鴝鵅,,,
5,4159,鴢,｜ㄠˇ,,,,
6,*4160,鴳,｜ㄢˋ,,,,
7,4161,鴶,ㄐ｜ˊ,,,,
8,4162,鴮,ㄨ,,,,
9,4163,鴱,ㄞˋ,,,,
10,4164,鵅,1.ㄌㄨㄛˋ\n2.ㄍㄜˊ,1.鵅鳥\n2.鴝鵅,,,
11,*4165,鵌,ㄊㄨˊ,,,,
12,4166,鵏,ㄅㄨˋ,,,,
13,4167,鵠,1.ㄏㄨˊ\n2.ㄍㄨˇ,1.鴻鵠、鵠\n髮、鵠立\n2.正鵠、鵠的,,,
14,4168,鵖,ㄐ｜ㄝˊ,,,,
15,*4169,鶉,ㄔㄨㄣˊ,,,,
16,4170,鵽,ㄉㄨㄛˋ,,,,
17,4171,鵲,ㄑㄩㄝˋ,,,,
18,4172,鶂,｜ˋ,,,,
19,4173,鵯,ㄅㄟ,,,,
20,4174,鶩,ㄨˋ,,,,
21,4175,鶙,ㄊ｜ˊ,,,,
22,4176,鶤,ㄩㄣˋ,,,,
23,*4177,鶣,ㄆ｜ㄢ,,,,
24,4178,鶝,ㄈㄨˊ,,,,
0,4179,鶪,ㄐㄩˊ,,,,
1,4180,鶗,ㄊ｜ˊ,,,,
2,*4181,鶡,ㄏㄜˊ,,,,
3,4182,鶴,ㄏㄜˋ,,,,
4,4183,鶻,1.ㄍㄨˇ\n2.ㄏㄨˊ,1.鶻鵃、鶻鳩\n2.回鶻（回族\n的古稱。約\n在今新疆等\n地）、鶻突,,,
5,*4184,鶬,ㄘㄤ,,,,
6,*4185,鷂,｜ㄠˋ,,,,
7,4186,鷎,ㄍㄠ,,,,
8,4187,鷖,｜,,,,
9,4188,鷕,｜ㄠˇ,,,,
10,4189,鷒,ㄊㄨㄢˊ,,,,
11,4190,鷞,ㄕㄨㄤˇ,,,,
12,4191,鷚,ㄌ｜ㄡˋ,,,,
13,4192,鷩,ㄅ｜ˋ,,,,
14,4193,鷻,ㄊㄨㄢˊ,,,,
15,4194,鷣,｜ㄣˊ,,,,
16,4195,鷯,ㄌ｜ㄠˊ,,,,
17,4196,鷤,1.ㄊㄢˊ\n2.ㄊ｜ˊ\n(限讀),1.鸛鷤,2.限於「鷤\n鳺」一詞音\nㄊ｜ˊ。,,
18,4197,鷮,ㄐ｜ㄠ,,,,
19,4198,鷿,ㄆ｜ˋ,,,,
20,4199,鸀,ㄓㄨˊ,,,,
21,4200,鸒,ㄩˋ,,,,
22,4201,鸋,ㄋ｜ㄥˊ,,,,
23,4202,鸍,ㄕ,,,,
24,4203,鸐,ㄉ｜ˊ,,,,
0,*4204,鸛,ㄍㄨㄢˋ,,,,
1,*4205,鹹,ㄒ｜ㄢˊ,,,,
2,4206,鹽,1.｜ㄢˊ\n2.｜ㄢˋ,1.海鹽、鹽巴\n2.「屑桂與薑\n以灑諸上而\n鹽之。」（禮\n記‧內則）,,,
3,,,,,,,
4,,,,,,,
5,,,,,,,
6,,,,,,,
7,4207,麃,1.ㄅ｜ㄠ\n2.ㄆㄠˊ,1.「綿綿其\n麃。」（詩\n經‧周頌‧\n載芟）\n2.「楚人謂麋\n為麃。」（史\n記‧武帝\n紀‧裴駰‧\n集解引韋昭\n曰）,,,
8,*4208,麆,ㄓㄨˋ,,,,
9,4209,麇,ㄐㄩㄣ,,,,
10,4210,麗,1.ㄌ｜ˋ\n2.ㄌ｜ˊ,1.富麗堂\n皇、華麗、\n美麗、「八\n麗一師。」\n（周禮‧夏\n官‧校人）\n2.高麗,,,
11,4211,麑,ㄋ｜ˊ,,,,
12,4212,麡,ㄐ｜,,,,
13,4213,麥,ㄇㄞˋ,,,,
14,4214,麮,ㄑㄩˋ,,,,
0,4215,麼,1.ㄇㄛˊ\n2.‧ㄇㄜ\n(限讀)\n3.ㄇㄚˊ\n(限讀),1.么麼（細小\n也）,2.作詞綴\n時，音‧ㄇ\nㄜ。如：「甚\n麼」。\n3.限於「幹\n麼」一詞音\nㄇㄚˊ。,,
1,4216,黏,ㄋ｜ㄢˊ,,,,
2,4217,黐,ㄔ,,,,
3,4218,黑,ㄏㄟ,,,,
4,4219,黔,ㄑ｜ㄢˊ,,,,
5,4220,黦,｜ㄝˋ,,,,
6,*4221,黤,｜ㄢˇ,,,,
7,4222,黨,ㄉㄤˇ,,,,
8,4223,黮,ㄊㄢˇ,,,,
9,4224,黭,｜ㄢˇ,,,,
10,4225,黽,1.ㄇ｜ㄣˇ\n2.ㄇㄥˇ,1.黽勉、黽池\n（河南省縣\n名）\n2.「在水者\n黽。」（爾\n雅‧釋魚）,,,
11,4226,,ㄔㄠˊ,匽  （ 大\n蟲）、姓（如\n漢代有錯）,,通「朝」時，\n音ㄓㄠ。,
12,4227,鼐,ㄋㄞˋ,,,,
13,4228,鼕,ㄉㄨㄥ,,,,
14,4229,鼤,ㄨㄣˊ,,,,
15,4230,鼢,ㄈㄣˊ,,,,
16,4231,鼸,ㄑ｜ㄢˇ,,,,
17,4232,鼶,ㄙ,,,,
18,4233,鼾,ㄏㄢ,,,,
19,4234,齃,ㄏㄜˊ,,,,
0,4235,齊,1.ㄑ｜ˊ\n2.ㄐ｜ˋ\n3.ㄗ,1.舉案齊\n眉、整齊、\n齊備、齊\n唱、姓（如\n明代有齊\n泰）\n2.火齊、六齊\n3.齊衰,,通「齋」時，\n音ㄓㄞ。,
1,*4236,齋,ㄓㄞ,,,,
2,4237,齌,ㄐ｜ˋ,,,,
3,4238,齕,ㄏㄜˊ,,,,
4,4239,齖,｜ㄚˊ,,,,
5,*4240,齗,｜ㄣˊ,,,,
6,*4241,齛,ㄒ｜ㄝˋ,,,,
7,4242,齞,｜ㄢˇ,,,,
8,4243,齝,ㄔ,,,,
9,4244,齦,｜ㄣˊ,,,,
10,4245,齫,ㄎㄨㄣˇ,,,,
11,*4246,齱,ㄗㄡ,,,,
12,*4247,齰,ㄗㄜˊ,,,,
13,4248,齮,｜ˇ,,,,
14,4249,齵,ㄩˊ,,,,
15,4250,齺,ㄗㄡ,,,,
16,4251,龍,ㄌㄨㄥˊ,,,,
17,4252,龔,ㄍㄨㄥ,,,,
18,4253,龜,1.ㄍㄨㄟ\n2.ㄐㄩㄣ\n(限讀)\n3.ㄑ｜ㄡ\n(限讀),1.烏龜、龜\n貝、龜奴、\n龜孫子、龜\n殼花,2.限於「龜\n裂」一詞音\nㄐㄩㄣ。\n3.限於「龜\n茲」（漢代\n西域國名）\n一詞音ㄑ｜\nㄡ。,,
